Name,AssetType,AssetPath,FolderCategory,ConstructionClass,RelationRole,SuggestedSupportType,PivotType,SnapToGround,ScaleLooksMetric,NeedsScaleCheck,PlacementNotes,ChildCount,RendererCount,MeshCount,MaterialCount,MaterialNames,HasCollider,ColliderCount,HasRigidbody,RigidbodyCount,HasAnimator,HasLegacyAnimation,AnimationClipCount,AnimationClipNames,SizeX,SizeY,SizeZ,Labels
"SM_ConcreteColumn01","Prefab","Assets/ConstructionSite/Prefab/Building/SM_ConcreteColumn01.prefab","building","building_element","support_or_anchor","structural_support","bottom_centered",False,True,False,"",4,4,4,1,"M_Wall1",True,1,False,0,False,False,0,"",0.6068,4.0059,0.6063,""
"SM_ConcreteColumn01","Model","Assets/ConstructionSite/Meshes/Building/SM_ConcreteColumn01.FBX","building","building_element","support_or_anchor","structural_support","bottom_centered",False,True,False,"",5,5,5,1,"Lit",False,0,False,0,False,False,0,"",0.6068,4.0075,0.6067,""
"SM_ConcreteWall01","Prefab","Assets/ConstructionSite/Prefab/Building/SM_ConcreteWall01.prefab","building","building_element","support_or_anchor","structural_support","bottom_centered",False,True,False,"",4,4,4,1,"M_Wall1",True,1,False,0,False,False,0,"",0.3007,4.0014,4.0001,""
"SM_ConcreteWall01","Model","Assets/ConstructionSite/Meshes/Building/SM_ConcreteWall01.FBX","building","building_element","support_or_anchor","structural_support","bottom_centered",False,True,False,"",5,5,5,1,"Lit",False,0,False,0,False,False,0,"",0.3023,4.0025,4.0021,""
"SM_ConcreteWall02","Prefab","Assets/ConstructionSite/Prefab/Building/SM_ConcreteWall02.prefab","building","building_element","support_or_anchor","structural_support","bottom_centered",False,True,False,"",4,4,4,1,"M_Wall1",True,1,False,0,False,False,0,"",0.3011,4.0008,4.0020,""
"SM_ConcreteWall02","Model","Assets/ConstructionSite/Meshes/Building/SM_ConcreteWall02.FBX","building","building_element","support_or_anchor","structural_support","bottom_centered",False,True,False,"",5,5,5,1,"Lit",False,0,False,0,False,False,0,"",0.3011,4.0008,4.0020,""
"SM_ConcreteWall03","Prefab","Assets/ConstructionSite/Prefab/Building/SM_ConcreteWall03.prefab","building","building_element","support_or_anchor","structural_support","bottom_centered",False,True,False,"",4,4,4,1,"M_Wall1",True,1,False,0,False,False,0,"",0.3012,4.0043,3.9965,""
"SM_ConcreteWall03","Model","Assets/ConstructionSite/Meshes/Building/SM_ConcreteWall03.FBX","building","building_element","support_or_anchor","structural_support","bottom_centered",False,True,False,"",5,5,5,1,"Lit",False,0,False,0,False,False,0,"",0.3023,4.0079,4.0172,""
"SM_ConcreteWall04","Prefab","Assets/ConstructionSite/Prefab/Building/SM_ConcreteWall04.prefab","building","building_element","support_or_anchor","structural_support","bottom_centered",False,True,False,"",4,4,4,1,"M_Wall1",True,1,False,0,False,False,0,"",0.3011,4.0015,3.9970,""
"SM_ConcreteWall04","Model","Assets/ConstructionSite/Meshes/Building/SM_ConcreteWall04.FBX","building","building_element","support_or_anchor","structural_support","bottom_centered",False,True,False,"",5,5,5,1,"Lit",False,0,False,0,False,False,0,"",0.3011,4.0123,3.9970,""
"SM_ConcreteWall05","Prefab","Assets/ConstructionSite/Prefab/Building/SM_ConcreteWall05.prefab","building","building_element","support_or_anchor","structural_support","bottom_centered",False,True,False,"",4,4,4,1,"M_Wall1",True,1,False,0,False,False,0,"",0.3029,4.0014,4.0029,""
"SM_ConcreteWall05","Model","Assets/ConstructionSite/Meshes/Building/SM_ConcreteWall05.FBX","building","building_element","support_or_anchor","structural_support","bottom_centered",False,True,False,"",5,5,5,1,"Lit",False,0,False,0,False,False,0,"",0.3033,4.0025,4.0084,""
"SM_ConcreteWall06","Prefab","Assets/ConstructionSite/Prefab/Building/SM_ConcreteWall06.prefab","building","building_element","support_or_anchor","structural_support","bottom_centered",False,True,False,"",4,4,4,1,"M_Wall1",True,1,False,0,False,False,0,"",0.3071,4.0019,4.0017,""
"SM_ConcreteWall06","Model","Assets/ConstructionSite/Meshes/Building/SM_ConcreteWall06.FBX","building","building_element","support_or_anchor","structural_support","bottom_centered",False,True,False,"",5,5,5,1,"Lit",False,0,False,0,False,False,0,"",0.3074,4.0025,4.0254,""
"SM_Formwork01","Prefab","Assets/ConstructionSite/Prefab/Building/SM_Formwork01.prefab","building","building_element","support_or_anchor","structural_support","bottom_centered",False,True,False,"",4,4,4,1,"M_Formwork",True,1,False,0,False,False,0,"",3.2325,5.9613,0.9607,""
"SM_Formwork01","Model","Assets/ConstructionSite/Meshes/Building/SM_Formwork01.FBX","building","building_element","support_or_anchor","structural_support","bottom_centered",False,True,False,"",5,5,5,1,"Lit",False,0,False,0,False,False,0,"",3.2378,5.9801,0.9912,""
"SM_Formwork02","Prefab","Assets/ConstructionSite/Prefab/Building/SM_Formwork02.prefab","building","building_element","support_or_anchor","structural_support","bottom_centered",False,True,False,"",4,4,4,1,"M_Formwork",True,1,False,0,False,False,0,"",2.7592,5.9633,2.7430,""
"SM_Formwork02","Model","Assets/ConstructionSite/Meshes/Building/SM_Formwork02.FBX","building","building_element","support_or_anchor","structural_support","bottom_centered",False,True,False,"",5,5,5,1,"Lit",False,0,False,0,False,False,0,"",2.7592,5.9730,2.7430,""
"SM_Formwork03","Prefab","Assets/ConstructionSite/Prefab/Building/SM_Formwork03.prefab","building","building_element","support_or_anchor","structural_support","bottom_centered",False,True,False,"",4,4,4,1,"M_Formwork",True,1,False,0,False,False,0,"",2.6958,5.9633,5.2424,""
"SM_Formwork03","Model","Assets/ConstructionSite/Meshes/Building/SM_Formwork03.FBX","building","building_element","support_or_anchor","structural_support","bottom_centered",False,True,False,"",5,5,5,1,"Lit",False,0,False,0,False,False,0,"",2.6958,5.9799,5.2424,""
"SM_Formwork04","Prefab","Assets/ConstructionSite/Prefab/Building/SM_Formwork04.prefab","building","building_element","support_or_anchor","structural_support","bottom_centered",False,True,False,"",4,4,4,1,"M_Formwork",True,1,False,0,False,False,0,"",2.0941,5.9613,2.0960,""
"SM_Formwork04","Model","Assets/ConstructionSite/Meshes/Building/SM_Formwork04.FBX","building","building_element","support_or_anchor","structural_support","bottom_centered",False,True,False,"",5,5,5,1,"Lit",False,0,False,0,False,False,0,"",2.0941,5.9801,2.1085,""
"SM_FormworkReinforcment01","Prefab","Assets/ConstructionSite/Prefab/Building/SM_FormworkReinforcment01.prefab","building","building_element","support_or_anchor","structural_support","bottom_centered",False,True,False,"",4,4,4,1,"M_ReinforcementBar",True,1,False,0,False,False,0,"",0.5743,4.7679,0.5761,""
"SM_FormworkReinforcment01","Model","Assets/ConstructionSite/Meshes/Building/SM_FormworkReinforcment01.FBX","building","building_element","support_or_anchor","structural_support","bottom_centered",False,True,False,"",5,5,5,1,"Lit",False,0,False,0,False,False,0,"",0.5743,4.7679,0.5761,""
"SM_FormworkReinforcment02","Prefab","Assets/ConstructionSite/Prefab/Building/SM_FormworkReinforcment02.prefab","building","building_element","support_or_anchor","structural_support","bottom_centered",False,True,False,"",4,4,4,1,"M_ReinforcementBar",True,1,False,0,False,False,0,"",0.0493,4.7722,1.9000,""
"SM_FormworkReinforcment02","Model","Assets/ConstructionSite/Meshes/Building/SM_FormworkReinforcment02.FBX","building","building_element","support_or_anchor","structural_support","bottom_centered",False,True,False,"",5,5,5,1,"Lit",False,0,False,0,False,False,0,"",0.0493,4.7722,1.9000,""
"SM_FormworkReinforcment03","Prefab","Assets/ConstructionSite/Prefab/Building/SM_FormworkReinforcment03.prefab","building","building_element","support_or_anchor","structural_support","bottom_centered",False,True,False,"",4,4,4,1,"M_ReinforcementBar",True,1,False,0,False,False,0,"",0.0493,4.7729,3.9163,""
"SM_FormworkReinforcment03","Model","Assets/ConstructionSite/Meshes/Building/SM_FormworkReinforcment03.FBX","building","building_element","support_or_anchor","structural_support","bottom_centered",False,True,False,"",5,5,5,1,"Lit",False,0,False,0,False,False,0,"",0.0493,4.7729,3.9163,""
"SM_FormworkReinforcment04","Prefab","Assets/ConstructionSite/Prefab/Building/SM_FormworkReinforcment04.prefab","building","building_element","support_or_anchor","structural_support","centered",False,True,False,"pivot may need placement offset correction",4,4,4,1,"M_ReinforcementBar",True,1,False,0,False,False,0,"",4.0133,0.0743,4.0125,""
"SM_FormworkReinforcment04","Model","Assets/ConstructionSite/Meshes/Building/SM_FormworkReinforcment04.FBX","building","building_element","support_or_anchor","structural_support","centered",False,True,False,"pivot may need placement offset correction",5,5,5,1,"Lit",False,0,False,0,False,False,0,"",4.0133,0.0743,4.0125,""
"SM_FormworkReinforcment05","Prefab","Assets/ConstructionSite/Prefab/Building/SM_FormworkReinforcment05.prefab","building","building_element","support_or_anchor","structural_support","centered",False,True,False,"pivot may need placement offset correction",4,4,4,1,"M_ReinforcementBar",True,1,False,0,False,False,0,"",4.0225,0.0734,4.0191,""
"SM_FormworkReinforcment05","Model","Assets/ConstructionSite/Meshes/Building/SM_FormworkReinforcment05.FBX","building","building_element","support_or_anchor","structural_support","centered",False,True,False,"pivot may need placement offset correction",5,5,5,1,"Lit",False,0,False,0,False,False,0,"",4.0225,0.0734,4.0191,""
"SM_FormworkReinforcment06","Prefab","Assets/ConstructionSite/Prefab/Building/SM_FormworkReinforcment06.prefab","building","building_element","support_or_anchor","structural_support","centered",False,True,False,"pivot may need placement offset correction",4,4,4,1,"M_ReinforcementBar",True,1,False,0,False,False,0,"",4.0249,0.0783,4.0191,""
"SM_FormworkReinforcment06","Model","Assets/ConstructionSite/Meshes/Building/SM_FormworkReinforcment06.FBX","building","building_element","support_or_anchor","structural_support","centered",False,True,False,"pivot may need placement offset correction",5,5,5,1,"Lit",False,0,False,0,False,False,0,"",4.0249,0.0783,4.0191,""
"SM_Tarp01","Prefab","Assets/ConstructionSite/Prefab/Building/SM_Tarp01.prefab","building","building_element","support_or_anchor","structural_support","bottom_centered",False,True,False,"",3,3,3,1,"M_Tarp",True,1,False,0,False,False,0,"",0.0200,8.0000,4.0000,""
"SM_Tarp01","Model","Assets/ConstructionSite/Meshes/Building/SM_Tarp01.FBX","building","building_element","support_or_anchor","structural_support","bottom_centered",False,True,False,"",4,4,4,1,"Lit",False,0,False,0,False,False,0,"",0.0220,8.0025,4.0024,""
"SM_Tarp02","Prefab","Assets/ConstructionSite/Prefab/Building/SM_Tarp02.prefab","building","building_element","support_or_anchor","structural_support","bottom_centered",False,True,False,"",3,3,3,1,"M_Tarp",True,1,False,0,False,False,0,"",0.0200,8.0000,4.0000,""
"SM_Tarp02","Model","Assets/ConstructionSite/Meshes/Building/SM_Tarp02.FBX","building","building_element","support_or_anchor","structural_support","bottom_centered",False,True,False,"",4,4,4,1,"Lit",False,0,False,0,False,False,0,"",0.0220,8.0025,4.0024,""
"SM_Tarp03","Prefab","Assets/ConstructionSite/Prefab/Building/SM_Tarp03.prefab","building","building_element","support_or_anchor","structural_support","bottom_centered",False,True,False,"",4,4,4,1,"M_Tarp",True,1,False,0,False,False,0,"",1.1342,8.0271,4.1402,""
"SM_Tarp03","Model","Assets/ConstructionSite/Meshes/Building/SM_Tarp03.FBX","building","building_element","support_or_anchor","structural_support","bottom_centered",False,True,False,"",5,5,5,1,"Lit",False,0,False,0,False,False,0,"",1.1543,8.0595,4.1908,""
"SM_Tarp04","Prefab","Assets/ConstructionSite/Prefab/Building/SM_Tarp04.prefab","building","building_element","support_or_anchor","structural_support","bottom_centered",False,True,False,"",4,4,4,1,"M_Tarp",True,1,False,0,False,False,0,"",0.8408,4.9837,4.0714,""
"SM_Tarp04","Model","Assets/ConstructionSite/Meshes/Building/SM_Tarp04.FBX","building","building_element","support_or_anchor","structural_support","bottom_centered",False,True,False,"",5,5,5,1,"Lit",False,0,False,0,False,False,0,"",0.8408,5.0008,4.1058,""
"SM_Tarp05","Prefab","Assets/ConstructionSite/Prefab/Building/SM_Tarp05.prefab","building","building_element","support_or_anchor","structural_support","bottom_centered",False,True,False,"",4,4,4,1,"M_Tarp",True,1,False,0,False,False,0,"",0.9803,9.1676,4.3499,""
"SM_Tarp05","Model","Assets/ConstructionSite/Meshes/Building/SM_Tarp05.FBX","building","building_element","support_or_anchor","structural_support","bottom_centered",False,True,False,"",5,5,5,1,"Lit",False,0,False,0,False,False,0,"",1.0011,9.1853,4.3738,""
"SM_Tarp06","Prefab","Assets/ConstructionSite/Prefab/Building/SM_Tarp06.prefab","building","building_element","support_or_anchor","structural_support","offset",False,True,False,"pivot may need placement offset correction",4,4,4,1,"M_Tarp",True,1,False,0,False,False,0,"",1.1757,6.6177,4.1247,""
"SM_Tarp06","Model","Assets/ConstructionSite/Meshes/Building/SM_Tarp06.FBX","building","building_element","support_or_anchor","structural_support","offset",False,True,False,"pivot may need placement offset correction",5,5,5,1,"Lit",False,0,False,0,False,False,0,"",1.1825,6.6519,4.1390,""
"SM_Tarp07","Prefab","Assets/ConstructionSite/Prefab/Building/SM_Tarp07.prefab","building","building_element","support_or_anchor","structural_support","bottom_centered",False,True,False,"",4,4,4,1,"M_Tarp",True,1,False,0,False,False,0,"",2.0118,5.9165,5.2103,""
"SM_Tarp07","Model","Assets/ConstructionSite/Meshes/Building/SM_Tarp07.FBX","building","building_element","support_or_anchor","structural_support","bottom_centered",False,True,False,"",5,5,5,1,"Lit",False,0,False,0,False,False,0,"",2.0118,5.9346,5.2237,""
"SM_Tarp08","Prefab","Assets/ConstructionSite/Prefab/Building/SM_Tarp08.prefab","building","building_element","support_or_anchor","structural_support","bottom_centered",False,True,False,"",4,4,4,1,"M_Tarp",True,1,False,0,False,False,0,"",0.5940,8.2092,4.0251,""
"SM_Tarp08","Model","Assets/ConstructionSite/Meshes/Building/SM_Tarp08.FBX","building","building_element","support_or_anchor","structural_support","bottom_centered",False,True,False,"",5,5,5,1,"Lit",False,0,False,0,False,False,0,"",0.6241,8.2317,4.0575,""
"SM_Tarp09","Prefab","Assets/ConstructionSite/Prefab/Building/SM_Tarp09.prefab","building","building_element","support_or_anchor","structural_support","bottom_centered",False,True,False,"",4,4,4,1,"M_Tarp",True,1,False,0,False,False,0,"",6.7152,0.4093,4.9594,""
"SM_Tarp09","Model","Assets/ConstructionSite/Meshes/Building/SM_Tarp09.FBX","building","building_element","support_or_anchor","structural_support","bottom_centered",False,True,False,"",5,5,5,1,"Lit",False,0,False,0,False,False,0,"",6.7359,0.4351,4.9687,""
"SM_Tarp10","Prefab","Assets/ConstructionSite/Prefab/Building/SM_Tarp10.prefab","building","building_element","support_or_anchor","structural_support","bottom_centered",False,True,False,"",4,4,4,1,"M_Tarp",True,1,False,0,False,False,0,"",6.5160,0.4825,5.0369,""
"SM_Tarp10","Model","Assets/ConstructionSite/Meshes/Building/SM_Tarp10.FBX","building","building_element","support_or_anchor","structural_support","bottom_centered",False,True,False,"",5,5,5,1,"Lit",False,0,False,0,False,False,0,"",6.5330,0.4900,5.0539,""
"SM_Tarp11","Prefab","Assets/ConstructionSite/Prefab/Building/SM_Tarp11.prefab","building","building_element","support_or_anchor","structural_support","bottom_centered",False,True,False,"",4,4,4,1,"M_Tarp",True,1,False,0,False,False,0,"",6.3438,0.5222,4.6488,""
"SM_Tarp11","Model","Assets/ConstructionSite/Meshes/Building/SM_Tarp11.FBX","building","building_element","support_or_anchor","structural_support","bottom_centered",False,True,False,"",5,5,5,1,"Lit",False,0,False,0,False,False,0,"",6.3600,0.5281,4.6758,""
"SM_Tarp12","Prefab","Assets/ConstructionSite/Prefab/Building/SM_Tarp12.prefab","building","building_element","support_or_anchor","structural_support","bottom_centered",False,True,False,"",4,4,4,1,"M_Tarp",True,1,False,0,False,False,0,"",4.4279,0.6701,4.5991,""
"SM_Tarp12","Model","Assets/ConstructionSite/Meshes/Building/SM_Tarp12.FBX","building","building_element","support_or_anchor","structural_support","bottom_centered",False,True,False,"",5,5,5,1,"Lit",False,0,False,0,False,False,0,"",4.4486,0.7071,4.6107,""
"SM_ConcreteFloor01","Prefab","Assets/ConstructionSite/Prefab/Building/SM_ConcreteFloor01.prefab","building","ground","support_anchor","ground","offset",False,True,False,"pivot may need placement offset correction",4,4,4,1,"M_Concrete",True,1,False,0,False,False,0,"",4.0029,0.3002,4.0021,""
"SM_ConcreteFloor01","Model","Assets/ConstructionSite/Meshes/Building/SM_ConcreteFloor01.FBX","building","ground","support_anchor","ground","offset",False,True,False,"pivot may need placement offset correction",5,5,5,1,"Lit",False,0,False,0,False,False,0,"",4.0029,0.3021,4.0024,""
"SM_ConcreteFloor02","Prefab","Assets/ConstructionSite/Prefab/Building/SM_ConcreteFloor02.prefab","building","ground","support_anchor","ground","offset",False,True,False,"pivot may need placement offset correction",4,4,4,1,"M_Concrete",True,1,False,0,False,False,0,"",4.0025,0.3010,2.0200,""
"SM_ConcreteFloor02","Model","Assets/ConstructionSite/Meshes/Building/SM_ConcreteFloor02.FBX","building","ground","support_anchor","ground","offset",False,True,False,"pivot may need placement offset correction",5,5,5,1,"Lit",False,0,False,0,False,False,0,"",4.0029,0.3021,2.0200,""
"SM_ConcreteFloor03","Prefab","Assets/ConstructionSite/Prefab/Building/SM_ConcreteFloor03.prefab","building","ground","support_anchor","ground","bottom_centered",False,True,False,"",4,4,4,1,"M_Concrete",True,1,False,0,False,False,0,"",1.7063,2.1040,4.0049,""
"SM_ConcreteFloor03","Model","Assets/ConstructionSite/Meshes/Building/SM_ConcreteFloor03.FBX","building","ground","support_anchor","ground","bottom_centered",False,True,False,"",5,5,5,1,"Lit",False,0,False,0,False,False,0,"",1.7235,2.1457,4.0325,""
"SM_AsphaltRoller","Prefab","Assets/ConstructionSite/Prefab/ConstructionEquipment/SM_AsphaltRoller.prefab","constructionequipment","road_prop","dependent","place_on_ground_or_support","bottom_centered",True,True,False,"place on ground",5,5,5,2,"M_AsphaltRoller | M_Glass",True,1,False,0,False,False,0,"",6.2534,3.4236,4.4674,""
"SM_AsphaltRoller","Model","Assets/ConstructionSite/Meshes/ConstructionEquipment/SM_AsphaltRoller.FBX","constructionequipment","road_prop","dependent","place_on_ground_or_support","bottom_centered",True,True,False,"place on ground",6,6,6,1,"Lit",False,0,False,0,False,False,0,"",5.7216,3.4236,2.5574,""
"SM_ForkLift01","Prefab","Assets/ConstructionSite/Prefab/ConstructionEquipment/SM_ForkLift01.prefab","constructionequipment","vehicle_equipment","major_anchor","heavy_grounded","bottom_centered",True,True,False,"place on ground",5,5,5,2,"M_ForkLift01 | M_Glass",True,1,False,0,False,False,0,"",10.3039,4.5858,3.7396,""
"SM_ForkLift01","Model","Assets/ConstructionSite/Meshes/ConstructionEquipment/SM_ForkLift01.FBX","constructionequipment","vehicle_equipment","major_anchor","heavy_grounded","bottom_centered",True,True,False,"place on ground",6,6,6,1,"Lit",False,0,False,0,False,False,0,"",10.3170,4.6048,3.7581,""
"SM_ForkLift02","Prefab","Assets/ConstructionSite/Prefab/ConstructionEquipment/SM_ForkLift02.prefab","constructionequipment","vehicle_equipment","major_anchor","heavy_grounded","bottom_centered",True,True,False,"place on ground",5,5,5,2,"M_ForkLift01 | M_Glass",True,1,False,0,False,False,0,"",10.3086,4.5858,3.5825,""
"SM_ForkLift02","Model","Assets/ConstructionSite/Meshes/ConstructionEquipment/SM_ForkLift02.FBX","constructionequipment","vehicle_equipment","major_anchor","heavy_grounded","bottom_centered",True,True,False,"place on ground",6,6,6,1,"Lit",False,0,False,0,False,False,0,"",10.3086,4.5961,3.5825,""
"RoadTrack","Prefab","Assets/ConstructionSite/Prefab/Decal/RoadTrack.prefab","decal","road_prop","dependent","place_on_ground_or_support","unknown",True,True,False,"place on ground",1,1,1,1,"M_RoadTrack",True,1,False,0,False,False,0,"",5.0000,0.0000,1.0000,""
"Dirt","Prefab","Assets/ConstructionSite/Prefab/Decal/Dirt.prefab","decal","unclassified","unknown","unknown","unknown",False,True,False,"",1,1,1,1,"M_Dirt",True,1,False,0,False,False,0,"",5.0000,0.0000,2.5000,""
"TrashDecal01","Prefab","Assets/ConstructionSite/Prefab/Decal/TrashDecal01.prefab","decal","unclassified","unknown","unknown","unknown",False,True,False,"",1,1,1,1,"M_TrashDecal01",True,1,False,0,False,False,0,"",2.0000,0.0000,2.0000,""
"TrashDecal02","Prefab","Assets/ConstructionSite/Prefab/Decal/TrashDecal02.prefab","decal","unclassified","unknown","unknown","unknown",False,True,False,"",1,1,1,1,"M_TrashDecal02",True,1,False,0,False,False,0,"",2.0000,0.0000,2.0000,""
"TrashDecal03","Prefab","Assets/ConstructionSite/Prefab/Decal/TrashDecal03.prefab","decal","unclassified","unknown","unknown","unknown",False,True,False,"",1,1,1,1,"M_TrashDecal03",True,1,False,0,False,False,0,"",2.0000,0.0000,2.0000,""
"SM_Door01_1","Prefab","Assets/ConstructionSite/Prefab/Building/Door/SM_Door01_1.prefab","door","building_element","support_or_anchor","structural_support","bottom_centered",False,True,False,"",4,4,4,1,"M_Doors",True,1,False,0,False,False,0,"",1.1002,2.1086,0.2871,""
"SM_Door01_1","Model","Assets/ConstructionSite/Meshes/Building/Door/SM_Door01_1.FBX","door","building_element","support_or_anchor","structural_support","bottom_centered",False,True,False,"",5,5,5,1,"Lit",False,0,False,0,False,False,0,"",1.1023,2.1100,0.2871,""
"SM_Door01_2","Prefab","Assets/ConstructionSite/Prefab/Building/Door/SM_Door01_2.prefab","door","building_element","support_or_anchor","structural_support","bottom_centered",False,True,False,"",4,4,4,1,"M_Doors",True,1,False,0,False,False,0,"",1.1002,2.1086,0.2871,""
"SM_Door01_2","Model","Assets/ConstructionSite/Meshes/Building/Door/SM_Door01_2.FBX","door","building_element","support_or_anchor","structural_support","bottom_centered",False,True,False,"",5,5,5,1,"Lit",False,0,False,0,False,False,0,"",1.1023,2.1100,0.2871,""
"SM_Door01_3","Prefab","Assets/ConstructionSite/Prefab/Building/Door/SM_Door01_3.prefab","door","building_element","support_or_anchor","structural_support","bottom_centered",False,True,False,"",4,4,4,1,"M_Doors",True,1,False,0,False,False,0,"",1.1002,2.1086,0.2871,""
"SM_Door01_3","Model","Assets/ConstructionSite/Meshes/Building/Door/SM_Door01_3.FBX","door","building_element","support_or_anchor","structural_support","bottom_centered",False,True,False,"",5,5,5,1,"Lit",False,0,False,0,False,False,0,"",1.1023,2.1100,0.2871,""
"SM_Door02_1","Prefab","Assets/ConstructionSite/Prefab/Building/Door/SM_Door02_1.prefab","door","building_element","support_or_anchor","structural_support","bottom_centered",False,True,False,"",4,4,4,1,"M_Doors",True,1,False,0,False,False,0,"",1.1002,2.1086,0.2871,""
"SM_Door02_1","Model","Assets/ConstructionSite/Meshes/Building/Door/SM_Door02_1.FBX","door","building_element","support_or_anchor","structural_support","bottom_centered",False,True,False,"",5,5,5,1,"Lit",False,0,False,0,False,False,0,"",1.1023,2.1100,0.2871,""
"SM_Door02_2","Prefab","Assets/ConstructionSite/Prefab/Building/Door/SM_Door02_2.prefab","door","building_element","support_or_anchor","structural_support","bottom_centered",False,True,False,"",4,4,4,1,"M_Doors",True,1,False,0,False,False,0,"",1.1002,2.1086,0.2871,""
"SM_Door02_2","Model","Assets/ConstructionSite/Meshes/Building/Door/SM_Door02_2.FBX","door","building_element","support_or_anchor","structural_support","bottom_centered",False,True,False,"",5,5,5,1,"Lit",False,0,False,0,False,False,0,"",1.1023,2.1100,0.2871,""
"SM_Door02_3","Prefab","Assets/ConstructionSite/Prefab/Building/Door/SM_Door02_3.prefab","door","building_element","support_or_anchor","structural_support","bottom_centered",False,True,False,"",4,4,4,1,"M_Doors",True,1,False,0,False,False,0,"",1.1002,2.1086,0.2871,""
"SM_Door02_3","Model","Assets/ConstructionSite/Meshes/Building/Door/SM_Door02_3.FBX","door","building_element","support_or_anchor","structural_support","bottom_centered",False,True,False,"",5,5,5,1,"Lit",False,0,False,0,False,False,0,"",1.1023,2.1100,0.2871,""
"SM_Door03_1","Prefab","Assets/ConstructionSite/Prefab/Building/Door/SM_Door03_1.prefab","door","building_element","support_or_anchor","structural_support","bottom_centered",False,True,False,"",4,4,4,1,"M_Doors",True,1,False,0,False,False,0,"",1.1912,2.1086,0.2637,""
"SM_Door03_1","Model","Assets/ConstructionSite/Meshes/Building/Door/SM_Door03_1.FBX","door","building_element","support_or_anchor","structural_support","bottom_centered",False,True,False,"",5,5,5,1,"Lit",False,0,False,0,False,False,0,"",1.1912,2.1100,0.2637,""
"SM_Door03_2","Prefab","Assets/ConstructionSite/Prefab/Building/Door/SM_Door03_2.prefab","door","building_element","support_or_anchor","structural_support","bottom_centered",False,True,False,"",4,4,4,1,"M_Doors",True,1,False,0,False,False,0,"",1.1912,2.1086,0.2637,""
"SM_Door03_2","Model","Assets/ConstructionSite/Meshes/Building/Door/SM_Door03_2.FBX","door","building_element","support_or_anchor","structural_support","bottom_centered",False,True,False,"",5,5,5,1,"Lit",False,0,False,0,False,False,0,"",1.1912,2.1100,0.2637,""
"SM_Door03_3","Prefab","Assets/ConstructionSite/Prefab/Building/Door/SM_Door03_3.prefab","door","building_element","support_or_anchor","structural_support","bottom_centered",False,True,False,"",4,4,4,1,"M_Doors",True,1,False,0,False,False,0,"",1.1912,2.1086,0.2637,""
"SM_Door03_3","Model","Assets/ConstructionSite/Meshes/Building/Door/SM_Door03_3.FBX","door","building_element","support_or_anchor","structural_support","bottom_centered",False,True,False,"",5,5,5,1,"Lit",False,0,False,0,False,False,0,"",1.1912,2.1100,0.2637,""
"SM_Door04","Prefab","Assets/ConstructionSite/Prefab/Building/Door/SM_Door04.prefab","door","building_element","support_or_anchor","structural_support","bottom_centered",False,True,False,"",4,4,4,1,"M_Doors",True,1,False,0,False,False,0,"",1.4022,2.5333,0.2650,""
"SM_Door04","Model","Assets/ConstructionSite/Meshes/Building/Door/SM_Door04.FBX","door","building_element","support_or_anchor","structural_support","bottom_centered",False,True,False,"",5,5,5,1,"Lit",False,0,False,0,False,False,0,"",1.4046,2.5336,0.2650,""
"SM_Door05","Prefab","Assets/ConstructionSite/Prefab/Building/Door/SM_Door05.prefab","door","building_element","support_or_anchor","structural_support","bottom_centered",False,True,False,"",4,4,4,1,"M_Doors",True,1,False,0,False,False,0,"",1.0933,2.0280,0.1108,""
"SM_Door05","Model","Assets/ConstructionSite/Meshes/Building/Door/SM_Door05.FBX","door","building_element","support_or_anchor","structural_support","bottom_centered",False,True,False,"",5,5,5,1,"Lit",False,0,False,0,False,False,0,"",1.1023,2.1100,0.1108,""
"SM_Doorjamb01","Prefab","Assets/ConstructionSite/Prefab/Building/Door/SM_Doorjamb01.prefab","door","building_element","support_or_anchor","structural_support","bottom_centered",False,True,False,"",3,3,3,1,"M_Doors",True,1,False,0,False,False,0,"",3.8821,2.8341,0.2490,""
"SM_Doorjamb01","Model","Assets/ConstructionSite/Meshes/Building/Door/SM_Doorjamb01.FBX","door","building_element","support_or_anchor","structural_support","bottom_centered",False,True,False,"",4,4,4,1,"Lit",False,0,False,0,False,False,0,"",3.8847,2.8377,0.2658,""
"SM_Doorjamb02","Prefab","Assets/ConstructionSite/Prefab/Building/Door/SM_Doorjamb02.prefab","door","building_element","support_or_anchor","structural_support","bottom_centered",False,True,False,"",3,3,3,1,"M_Doors",True,1,False,0,False,False,0,"",1.2864,2.2769,0.2490,""
"SM_Doorjamb02","Model","Assets/ConstructionSite/Meshes/Building/Door/SM_Doorjamb02.FBX","door","building_element","support_or_anchor","structural_support","bottom_centered",False,True,False,"",4,4,4,1,"Lit",False,0,False,0,False,False,0,"",1.3033,2.2893,0.2658,""
"SM_Doorjamb03","Prefab","Assets/ConstructionSite/Prefab/Building/Door/SM_Doorjamb03.prefab","door","building_element","support_or_anchor","structural_support","bottom_centered",False,True,False,"",2,2,2,1,"M_Doors",True,1,False,0,False,False,0,"",3.7465,2.7275,0.1020,""
"SM_Doorjamb03","Model","Assets/ConstructionSite/Meshes/Building/Door/SM_Doorjamb03.FBX","door","building_element","support_or_anchor","structural_support","bottom_centered",False,True,False,"",3,3,3,1,"Lit",False,0,False,0,False,False,0,"",3.7498,2.7585,0.1037,""
"SM_Gate01","Prefab","Assets/ConstructionSite/Prefab/Building/Door/SM_Gate01.prefab","door","building_element","support_or_anchor","structural_support","bottom_centered",False,True,False,"",4,4,4,1,"M_Doors",True,1,False,0,False,False,0,"",1.8498,2.6880,0.1918,""
"SM_Gate01","Model","Assets/ConstructionSite/Meshes/Building/Door/SM_Gate01.FBX","door","building_element","support_or_anchor","structural_support","bottom_centered",False,True,False,"",5,5,5,1,"Lit",False,0,False,0,False,False,0,"",1.8514,2.6968,0.1924,""
"SM_Gate02","Prefab","Assets/ConstructionSite/Prefab/Building/Door/SM_Gate02.prefab","door","building_element","support_or_anchor","structural_support","bottom_centered",False,True,False,"",4,4,4,1,"M_Doors",True,1,False,0,False,False,0,"",0.8981,2.6899,0.1918,""
"SM_Gate02","Model","Assets/ConstructionSite/Meshes/Building/Door/SM_Gate02.FBX","door","building_element","support_or_anchor","structural_support","bottom_centered",False,True,False,"",5,5,5,1,"Lit",False,0,False,0,False,False,0,"",0.8986,2.6968,0.1941,""
"SM_RollerShutters01","Prefab","Assets/ConstructionSite/Prefab/Building/Door/SM_RollerShutters01.prefab","door","vehicle_equipment","major_anchor","heavy_grounded","bottom_centered",True,True,False,"place on ground",4,4,4,1,"M_Doors",True,1,False,0,False,False,0,"",3.7017,2.7041,0.1807,""
"SM_RollerShutters01","Model","Assets/ConstructionSite/Meshes/Building/Door/SM_RollerShutters01.FBX","door","vehicle_equipment","major_anchor","heavy_grounded","bottom_centered",True,True,False,"place on ground",5,5,5,1,"Lit",False,0,False,0,False,False,0,"",3.7017,2.7108,0.1807,""
"SM_RollerShutters02","Prefab","Assets/ConstructionSite/Prefab/Building/Door/SM_RollerShutters02.prefab","door","vehicle_equipment","major_anchor","heavy_grounded","bottom_centered",True,True,False,"place on ground",4,4,4,1,"M_Doors",True,1,False,0,False,False,0,"",3.7017,2.7121,0.1806,""
"SM_RollerShutters02","Model","Assets/ConstructionSite/Meshes/Building/Door/SM_RollerShutters02.FBX","door","vehicle_equipment","major_anchor","heavy_grounded","bottom_centered",True,True,False,"place on ground",5,5,5,1,"Lit",False,0,False,0,False,False,0,"",3.7017,2.7188,0.1806,""
"SM_Fence01","Prefab","Assets/ConstructionSite/Prefab/Fence/SM_Fence01.prefab","fence","fence","boundary_anchor","edge_grounded","bottom_centered",True,True,False,"place on ground",4,4,4,2,"M_Fence | M_FenceNet",True,1,False,0,False,False,0,"",0.0979,2.7404,0.9994,""
"SM_Fence01","Model","Assets/ConstructionSite/Meshes/Fence/SM_Fence01.FBX","fence","fence","boundary_anchor","edge_grounded","bottom_centered",True,True,False,"place on ground",5,5,5,1,"Lit",False,0,False,0,False,False,0,"",0.1131,2.7525,1.0055,""
"SM_Fence02","Prefab","Assets/ConstructionSite/Prefab/Fence/SM_Fence02.prefab","fence","fence","boundary_anchor","edge_grounded","bottom_centered",True,True,False,"place on ground",4,4,4,2,"M_Fence | M_FenceNet",True,1,False,0,False,False,0,"",0.0979,2.7404,1.9993,""
"SM_Fence02","Model","Assets/ConstructionSite/Meshes/Fence/SM_Fence02.FBX","fence","fence","boundary_anchor","edge_grounded","bottom_centered",True,True,False,"place on ground",5,5,5,1,"Lit",False,0,False,0,False,False,0,"",0.1072,2.7553,2.0062,""
"SM_Fence03","Prefab","Assets/ConstructionSite/Prefab/Fence/SM_Fence03.prefab","fence","fence","boundary_anchor","edge_grounded","bottom_centered",True,True,False,"place on ground",4,4,4,2,"M_Fence | M_FenceNet",True,1,False,0,False,False,0,"",0.0979,2.7400,1.9961,""
"SM_Fence03","Model","Assets/ConstructionSite/Meshes/Fence/SM_Fence03.FBX","fence","fence","boundary_anchor","edge_grounded","bottom_centered",True,True,False,"place on ground",5,5,5,1,"Lit",False,0,False,0,False,False,0,"",0.1096,2.7557,2.0041,""
"SM_Fence04","Prefab","Assets/ConstructionSite/Prefab/Fence/SM_Fence04.prefab","fence","fence","boundary_anchor","edge_grounded","bottom_centered",True,True,False,"place on ground",4,4,4,2,"M_Fence | M_FenceNet",True,1,False,0,False,False,0,"",0.0996,2.7404,4.0081,""
"SM_Fence04","Model","Assets/ConstructionSite/Meshes/Fence/SM_Fence04.FBX","fence","fence","boundary_anchor","edge_grounded","bottom_centered",True,True,False,"place on ground",5,5,5,1,"Lit",False,0,False,0,False,False,0,"",0.1275,2.7622,4.0158,""
"SM_Fence05","Prefab","Assets/ConstructionSite/Prefab/Fence/SM_Fence05.prefab","fence","fence","boundary_anchor","edge_grounded","bottom_centered",True,True,False,"place on ground",4,4,4,2,"M_Fence | M_FenceNet",True,1,False,0,False,False,0,"",0.1354,2.8070,4.8223,""
"SM_Fence05","Model","Assets/ConstructionSite/Meshes/Fence/SM_Fence05.FBX","fence","fence","boundary_anchor","edge_grounded","bottom_centered",True,True,False,"place on ground",5,5,5,1,"Lit",False,0,False,0,False,False,0,"",0.1507,2.8378,4.8471,""
"SM_FenceWood01","Prefab","Assets/ConstructionSite/Prefab/Fence/SM_FenceWood01.prefab","fence","fence","boundary_anchor","edge_grounded","bottom_centered",True,True,False,"place on ground",3,3,3,1,"M_FenceWood1",True,1,False,0,False,False,0,"",0.1869,2.5430,2.0080,""
"SM_FenceWood01","Model","Assets/ConstructionSite/Meshes/Fence/SM_FenceWood01.FBX","fence","fence","boundary_anchor","edge_grounded","bottom_centered",True,True,False,"place on ground",4,4,4,1,"Lit",False,0,False,0,False,False,0,"",0.1869,2.5430,2.0170,""
"SM_FenceWood02","Prefab","Assets/ConstructionSite/Prefab/Fence/SM_FenceWood02.prefab","fence","fence","boundary_anchor","edge_grounded","bottom_centered",True,True,False,"place on ground",3,3,3,1,"M_FenceWood1",True,1,False,0,False,False,0,"",0.1867,2.5328,1.0111,""
"SM_FenceWood02","Model","Assets/ConstructionSite/Meshes/Fence/SM_FenceWood02.FBX","fence","fence","boundary_anchor","edge_grounded","bottom_centered",True,True,False,"place on ground",4,4,4,1,"Lit",False,0,False,0,False,False,0,"",0.1867,2.5328,1.0120,""
"SM_RoadBlock01","Prefab","Assets/ConstructionSite/Prefab/Fence/SM_RoadBlock01.prefab","fence","fence","boundary_anchor","edge_grounded","bottom_centered",True,True,False,"place on ground",4,4,4,1,"M_RoadBlock",True,1,False,0,False,False,0,"",0.6255,0.7655,2.0045,""
"SM_RoadBlock01","Model","Assets/ConstructionSite/Meshes/Fence/SM_RoadBlock01.FBX","fence","fence","boundary_anchor","edge_grounded","bottom_centered",True,True,False,"place on ground",5,5,5,1,"Lit",False,0,False,0,False,False,0,"",0.6316,0.7655,2.0109,""
"SM_RoadBlock02","Prefab","Assets/ConstructionSite/Prefab/Fence/SM_RoadBlock02.prefab","fence","fence","boundary_anchor","edge_grounded","bottom_centered",True,True,False,"place on ground",4,4,4,1,"M_RoadBlock",True,1,False,0,False,False,0,"",0.6281,0.7711,2.0046,""
"SM_RoadBlock02","Model","Assets/ConstructionSite/Meshes/Fence/SM_RoadBlock02.FBX","fence","fence","boundary_anchor","edge_grounded","bottom_centered",True,True,False,"place on ground",5,5,5,1,"Lit",False,0,False,0,False,False,0,"",0.6281,0.7711,2.0113,""
"SM_RoadBlock03","Prefab","Assets/ConstructionSite/Prefab/Fence/SM_RoadBlock03.prefab","fence","fence","boundary_anchor","edge_grounded","bottom_centered",True,True,False,"place on ground",4,4,4,1,"M_RoadBlock",True,1,False,0,False,False,0,"",0.6255,0.7655,4.0040,""
"SM_RoadBlock03","Model","Assets/ConstructionSite/Meshes/Fence/SM_RoadBlock03.FBX","fence","fence","boundary_anchor","edge_grounded","bottom_centered",True,True,False,"place on ground",5,5,5,1,"Lit",False,0,False,0,False,False,0,"",0.6339,0.7720,4.0145,""
"SM_RoadBlock04","Prefab","Assets/ConstructionSite/Prefab/Fence/SM_RoadBlock04.prefab","fence","fence","boundary_anchor","edge_grounded","bottom_centered",True,True,False,"place on ground",4,4,4,1,"M_RoadBlock",True,1,False,0,False,False,0,"",0.6286,0.7759,4.0032,""
"SM_RoadBlock04","Model","Assets/ConstructionSite/Meshes/Fence/SM_RoadBlock04.FBX","fence","fence","boundary_anchor","edge_grounded","bottom_centered",True,True,False,"place on ground",5,5,5,1,"Lit",False,0,False,0,False,False,0,"",0.6360,0.7786,4.0167,""
"SM_TinSheetFence01","Prefab","Assets/ConstructionSite/Prefab/Fence/SM_TinSheetFence01.prefab","fence","fence","boundary_anchor","edge_grounded","bottom_centered",True,True,False,"place on ground",4,4,4,2,"M_FenceWood1 | M_TinSheet01",True,1,False,0,False,False,0,"",0.2498,2.4761,2.0292,""
"SM_TinSheetFence01","Model","Assets/ConstructionSite/Meshes/Fence/SM_TinSheetFence01.FBX","fence","fence","boundary_anchor","edge_grounded","bottom_centered",True,True,False,"place on ground",5,5,5,1,"Lit",False,0,False,0,False,False,0,"",0.2610,2.4926,2.0468,""
"SM_TinSheetFence02","Prefab","Assets/ConstructionSite/Prefab/Fence/SM_TinSheetFence02.prefab","fence","fence","boundary_anchor","edge_grounded","bottom_centered",True,True,False,"place on ground",4,4,4,2,"M_FenceWood1 | M_TinSheet01",True,1,False,0,False,False,0,"",0.1287,2.4761,1.0426,""
"SM_TinSheetFence02","Model","Assets/ConstructionSite/Meshes/Fence/SM_TinSheetFence02.FBX","fence","fence","boundary_anchor","edge_grounded","bottom_centered",True,True,False,"place on ground",5,5,5,1,"Lit",False,0,False,0,False,False,0,"",0.1449,2.4892,1.0491,""
"SM_grass01_1","Prefab","Assets/ConstructionSite/Prefab/Grass/SM_grass01_1.prefab","grass","unclassified","unknown","unknown","bottom_centered",False,True,False,"",4,4,4,1,"M_Grass",False,0,False,0,False,False,0,"",1.4445,0.2143,1.3745,""
"SM_grass01_1","Model","Assets/ConstructionSite/Meshes/Grass/SM_grass01_1.FBX","grass","unclassified","unknown","unknown","bottom_centered",False,True,False,"",4,4,4,1,"Lit",False,0,False,0,False,False,0,"",1.4445,0.2143,1.3745,""
"SM_grass01_2","Prefab","Assets/ConstructionSite/Prefab/Grass/SM_grass01_2.prefab","grass","unclassified","unknown","unknown","bottom_centered",False,True,False,"",3,3,3,1,"M_Grass",False,0,False,0,False,False,0,"",0.9819,0.1567,0.8590,""
"SM_grass01_2","Model","Assets/ConstructionSite/Meshes/Grass/SM_grass01_2.FBX","grass","unclassified","unknown","unknown","bottom_centered",False,True,False,"",3,3,3,1,"Lit",False,0,False,0,False,False,0,"",0.9819,0.1567,0.8590,""
"SM_grass01_3","Prefab","Assets/ConstructionSite/Prefab/Grass/SM_grass01_3.prefab","grass","unclassified","unknown","unknown","bottom_centered",False,True,False,"",4,4,4,1,"M_Grass",False,0,False,0,False,False,0,"",0.9965,0.4533,1.2025,""
"SM_grass01_3","Model","Assets/ConstructionSite/Meshes/Grass/SM_grass01_3.FBX","grass","unclassified","unknown","unknown","bottom_centered",False,True,False,"",4,4,4,1,"Lit",False,0,False,0,False,False,0,"",0.9965,0.4533,1.2025,""
"SM_grass01_4","Prefab","Assets/ConstructionSite/Prefab/Grass/SM_grass01_4.prefab","grass","unclassified","unknown","unknown","bottom_centered",False,True,False,"",4,4,4,1,"M_Grass",False,0,False,0,False,False,0,"",1.1641,0.4527,1.0315,""
"SM_grass01_4","Model","Assets/ConstructionSite/Meshes/Grass/SM_grass01_4.FBX","grass","unclassified","unknown","unknown","bottom_centered",False,True,False,"",4,4,4,1,"Lit",False,0,False,0,False,False,0,"",1.1641,0.4527,1.0315,""
"SM_grass01_5","Prefab","Assets/ConstructionSite/Prefab/Grass/SM_grass01_5.prefab","grass","unclassified","unknown","unknown","bottom_centered",False,True,False,"",3,3,3,1,"M_Grass",False,0,False,0,False,False,0,"",0.8158,0.8457,0.6712,""
"SM_grass01_5","Model","Assets/ConstructionSite/Meshes/Grass/SM_grass01_5.FBX","grass","unclassified","unknown","unknown","bottom_centered",False,True,False,"",3,3,3,1,"Lit",False,0,False,0,False,False,0,"",0.8158,0.8457,0.6712,""
"SM_Rock01","Prefab","Assets/ConstructionSite/Prefab/Ground/SM_Rock01.prefab","ground","ground","support_anchor","ground","offset",False,True,False,"pivot may need placement offset correction",4,4,4,1,"M_Rock",True,1,False,0,False,False,0,"",1.4226,1.0069,1.0334,""
"SM_Rock01","Model","Assets/ConstructionSite/Meshes/Ground/SM_Rock01.FBX","ground","ground","support_anchor","ground","offset",False,True,False,"pivot may need placement offset correction",5,5,5,1,"Lit",False,0,False,0,False,False,0,"",1.4226,1.0069,1.0334,""
"SM_Rock02","Prefab","Assets/ConstructionSite/Prefab/Ground/SM_Rock02.prefab","ground","ground","support_anchor","ground","offset",False,True,False,"pivot may need placement offset correction",4,4,4,1,"M_Rock",True,1,False,0,False,False,0,"",1.2631,0.9438,1.0308,""
"SM_Rock02","Model","Assets/ConstructionSite/Meshes/Ground/SM_Rock02.FBX","ground","ground","support_anchor","ground","offset",False,True,False,"pivot may need placement offset correction",5,5,5,1,"Lit",False,0,False,0,False,False,0,"",1.2631,0.9438,1.0308,""
"SM_Rock03","Prefab","Assets/ConstructionSite/Prefab/Ground/SM_Rock03.prefab","ground","ground","support_anchor","ground","bottom_centered",False,True,False,"",4,4,4,1,"M_Rock",True,1,False,0,False,False,0,"",0.9534,0.6946,0.7053,""
"SM_Rock03","Model","Assets/ConstructionSite/Meshes/Ground/SM_Rock03.FBX","ground","ground","support_anchor","ground","bottom_centered",False,True,False,"",5,5,5,1,"Lit",False,0,False,0,False,False,0,"",0.9534,0.6946,0.7053,""
"SM_Rock04","Prefab","Assets/ConstructionSite/Prefab/Ground/SM_Rock04.prefab","ground","ground","support_anchor","ground","offset",False,True,False,"pivot may need placement offset correction",4,4,4,1,"M_Rock",True,1,False,0,False,False,0,"",0.8189,0.4448,0.8391,""
"SM_Rock04","Model","Assets/ConstructionSite/Meshes/Ground/SM_Rock04.FBX","ground","ground","support_anchor","ground","offset",False,True,False,"pivot may need placement offset correction",5,5,5,1,"Lit",False,0,False,0,False,False,0,"",0.8189,0.4448,0.8391,""
"SM_Rock05","Prefab","Assets/ConstructionSite/Prefab/Ground/SM_Rock05.prefab","ground","ground","support_anchor","ground","offset",False,True,False,"pivot may need placement offset correction",4,4,4,1,"M_Rock",True,1,False,0,False,False,0,"",0.7315,0.3804,0.6218,""
"SM_Rock05","Model","Assets/ConstructionSite/Meshes/Ground/SM_Rock05.FBX","ground","ground","support_anchor","ground","offset",False,True,False,"pivot may need placement offset correction",5,5,5,1,"Lit",False,0,False,0,False,False,0,"",0.7315,0.3804,0.6218,""
"SM_Rock06","Prefab","Assets/ConstructionSite/Prefab/Ground/SM_Rock06.prefab","ground","ground","support_anchor","ground","offset",False,True,False,"pivot may need placement offset correction",4,4,4,1,"M_Rock",True,1,False,0,False,False,0,"",0.4642,0.5755,0.5000,""
"SM_Rock06","Model","Assets/ConstructionSite/Meshes/Ground/SM_Rock06.FBX","ground","ground","support_anchor","ground","offset",False,True,False,"pivot may need placement offset correction",5,5,5,1,"Lit",False,0,False,0,False,False,0,"",0.4642,0.5755,0.5000,""
"SM_Rock07","Prefab","Assets/ConstructionSite/Prefab/Ground/SM_Rock07.prefab","ground","ground","support_anchor","ground","offset",False,True,False,"pivot may need placement offset correction",4,4,4,1,"M_Rock",True,1,False,0,False,False,0,"",0.3730,0.2218,0.4444,""
"SM_Rock07","Model","Assets/ConstructionSite/Meshes/Ground/SM_Rock07.FBX","ground","ground","support_anchor","ground","offset",False,True,False,"pivot may need placement offset correction",5,5,5,1,"Lit",False,0,False,0,False,False,0,"",0.3730,0.2218,0.4444,""
"SM_Rock08","Prefab","Assets/ConstructionSite/Prefab/Ground/SM_Rock08.prefab","ground","ground","support_anchor","ground","offset",False,True,False,"pivot may need placement offset correction",3,3,3,1,"M_Rock",True,1,False,0,False,False,0,"",0.2119,0.1795,0.2354,""
"SM_Rock08","Model","Assets/ConstructionSite/Meshes/Ground/SM_Rock08.FBX","ground","ground","support_anchor","ground","offset",False,True,False,"pivot may need placement offset correction",4,4,4,1,"Lit",False,0,False,0,False,False,0,"",0.2119,0.1795,0.2354,""
"SM_Rock09","Prefab","Assets/ConstructionSite/Prefab/Ground/SM_Rock09.prefab","ground","ground","support_anchor","ground","bottom_centered",False,True,False,"",4,4,4,1,"M_Rock",True,1,False,0,False,False,0,"",0.1842,0.1488,0.2578,""
"SM_Rock09","Model","Assets/ConstructionSite/Meshes/Ground/SM_Rock09.FBX","ground","ground","support_anchor","ground","bottom_centered",False,True,False,"",5,5,5,1,"Lit",False,0,False,0,False,False,0,"",0.1852,0.1488,0.2578,""
"SM_Rock10","Prefab","Assets/ConstructionSite/Prefab/Ground/SM_Rock10.prefab","ground","ground","support_anchor","ground","centered",False,True,False,"pivot may need placement offset correction",3,3,3,1,"M_Rock",True,1,False,0,False,False,0,"",0.2650,0.1111,0.2387,""
"SM_Rock10","Model","Assets/ConstructionSite/Meshes/Ground/SM_Rock10.FBX","ground","ground","support_anchor","ground","centered",False,True,False,"pivot may need placement offset correction",4,4,4,1,"Lit",False,0,False,0,False,False,0,"",0.2650,0.1111,0.2387,""
"SM_Rock11","Prefab","Assets/ConstructionSite/Prefab/Ground/SM_Rock11.prefab","ground","ground","support_anchor","ground","centered",False,True,False,"pivot may need placement offset correction",3,3,3,1,"M_Rock",True,1,False,0,False,False,0,"",0.2675,0.1312,0.3334,""
"SM_Rock11","Model","Assets/ConstructionSite/Meshes/Ground/SM_Rock11.FBX","ground","ground","support_anchor","ground","centered",False,True,False,"pivot may need placement offset correction",4,4,4,1,"Lit",False,0,False,0,False,False,0,"",0.2675,0.1312,0.3334,""
"SM_Rock12","Prefab","Assets/ConstructionSite/Prefab/Ground/SM_Rock12.prefab","ground","ground","support_anchor","ground","offset",False,True,False,"pivot may need placement offset correction",3,3,3,1,"M_Rock",True,1,False,0,False,False,0,"",0.2772,0.0944,0.2710,""
"SM_Rock12","Model","Assets/ConstructionSite/Meshes/Ground/SM_Rock12.FBX","ground","ground","support_anchor","ground","offset",False,True,False,"pivot may need placement offset correction",4,4,4,1,"Lit",False,0,False,0,False,False,0,"",0.2772,0.0944,0.2710,""
"SM_Rock13","Prefab","Assets/ConstructionSite/Prefab/Ground/SM_Rock13.prefab","ground","ground","support_anchor","ground","centered",False,True,False,"pivot may need placement offset correction",3,3,3,1,"M_Rock",True,1,False,0,False,False,0,"",0.3759,0.1312,0.3389,""
"SM_Rock13","Model","Assets/ConstructionSite/Meshes/Ground/SM_Rock13.FBX","ground","ground","support_anchor","ground","centered",False,True,False,"pivot may need placement offset correction",4,4,4,1,"Lit",False,0,False,0,False,False,0,"",0.3759,0.1325,0.3389,""
"SM_Rock14","Prefab","Assets/ConstructionSite/Prefab/Ground/SM_Rock14.prefab","ground","ground","support_anchor","ground","centered",False,True,False,"pivot may need placement offset correction",3,3,3,1,"M_Rock",True,1,False,0,False,False,0,"",0.4755,0.1312,0.2998,""
"SM_Rock14","Model","Assets/ConstructionSite/Meshes/Ground/SM_Rock14.FBX","ground","ground","support_anchor","ground","centered",False,True,False,"pivot may need placement offset correction",4,4,4,1,"Lit",False,0,False,0,False,False,0,"",0.4755,0.1328,0.2998,""
"SM_Barrel01","Prefab","Assets/ConstructionSite/Prefab/IndustryPropsPack6/SM_Barrel01.prefab","industrypropspack6","small_prop","dependent","place_on_ground_or_support","bottom_centered",True,True,False,"place on ground | can be placed near anchor objects",4,4,4,1,"M_Barrel1",True,1,False,0,False,False,0,"",0.5671,0.9279,0.5727,""
"SM_Barrel01","Model","Assets/ConstructionSite/Meshes/IndustryPropsPack6/SM_Barrel01.FBX","industrypropspack6","small_prop","dependent","place_on_ground_or_support","bottom_centered",True,True,False,"place on ground | can be placed near anchor objects",5,5,5,1,"Lit",False,0,False,0,False,False,0,"",0.5671,0.9279,0.5727,""
"SM_Barrel02","Prefab","Assets/ConstructionSite/Prefab/IndustryPropsPack6/SM_Barrel02.prefab","industrypropspack6","small_prop","dependent","place_on_ground_or_support","bottom_centered",True,True,False,"place on ground | can be placed near anchor objects",4,4,4,1,"M_Barrel1",True,1,False,0,False,False,0,"",0.5580,0.9214,0.5700,""
"SM_Barrel02","Model","Assets/ConstructionSite/Meshes/IndustryPropsPack6/SM_Barrel02.FBX","industrypropspack6","small_prop","dependent","place_on_ground_or_support","bottom_centered",True,True,False,"place on ground | can be placed near anchor objects",5,5,5,1,"Lit",False,0,False,0,False,False,0,"",0.5601,0.9231,0.5700,""
"SM_Barrel03","Prefab","Assets/ConstructionSite/Prefab/IndustryPropsPack6/SM_Barrel03.prefab","industrypropspack6","small_prop","dependent","place_on_ground_or_support","bottom_centered",True,True,False,"place on ground | can be placed near anchor objects",4,4,4,1,"M_Barrel1",True,1,False,0,False,False,0,"",0.5857,0.9294,0.5702,""
"SM_Barrel03","Model","Assets/ConstructionSite/Meshes/IndustryPropsPack6/SM_Barrel03.FBX","industrypropspack6","small_prop","dependent","place_on_ground_or_support","bottom_centered",True,True,False,"place on ground | can be placed near anchor objects",5,5,5,1,"Lit",False,0,False,0,False,False,0,"",0.5857,0.9294,0.5702,""
"SM_Barrel04","Prefab","Assets/ConstructionSite/Prefab/IndustryPropsPack6/SM_Barrel04.prefab","industrypropspack6","small_prop","dependent","place_on_ground_or_support","bottom_centered",True,True,False,"place on ground | can be placed near anchor objects",4,4,4,2,"M_Barrel1 | M_Tarp1",True,1,False,0,False,False,0,"",1.5392,0.9833,1.4977,""
"SM_Barrel04","Model","Assets/ConstructionSite/Meshes/IndustryPropsPack6/SM_Barrel04.FBX","industrypropspack6","small_prop","dependent","place_on_ground_or_support","bottom_centered",True,True,False,"place on ground | can be placed near anchor objects",5,5,5,1,"Lit",False,0,False,0,False,False,0,"",1.5392,0.9833,1.4977,""
"SM_Box01","Prefab","Assets/ConstructionSite/Prefab/IndustryPropsPack6/SM_Box01.prefab","industrypropspack6","small_prop","dependent","place_on_ground_or_support","bottom_centered",True,True,False,"place on ground | can be placed near anchor objects",4,4,4,1,"M_Box1",True,1,False,0,False,False,0,"",1.3233,0.9632,2.3749,""
"SM_Box01","Model","Assets/ConstructionSite/Meshes/IndustryPropsPack6/SM_Box01.FBX","industrypropspack6","small_prop","dependent","place_on_ground_or_support","bottom_centered",True,True,False,"place on ground | can be placed near anchor objects",5,5,5,1,"Lit",False,0,False,0,False,False,0,"",1.3233,0.9658,2.3749,""
"SM_Box02","Prefab","Assets/ConstructionSite/Prefab/IndustryPropsPack6/SM_Box02.prefab","industrypropspack6","small_prop","dependent","place_on_ground_or_support","bottom_centered",True,True,False,"place on ground | can be placed near anchor objects",4,4,4,1,"M_Box1",True,1,False,0,False,False,0,"",1.3228,0.9547,1.4685,""
"SM_Box02","Model","Assets/ConstructionSite/Meshes/IndustryPropsPack6/SM_Box02.FBX","industrypropspack6","small_prop","dependent","place_on_ground_or_support","bottom_centered",True,True,False,"place on ground | can be placed near anchor objects",5,5,5,1,"Lit",False,0,False,0,False,False,0,"",1.3228,0.9582,1.4685,""
"SM_Box03","Prefab","Assets/ConstructionSite/Prefab/IndustryPropsPack6/SM_Box03.prefab","industrypropspack6","small_prop","dependent","place_on_ground_or_support","bottom_centered",True,True,False,"place on ground | can be placed near anchor objects",4,4,4,2,"M_Box1 | M_Tarp1",True,1,False,0,False,False,0,"",1.8543,1.1118,2.8464,""
"SM_Box03","Model","Assets/ConstructionSite/Meshes/IndustryPropsPack6/SM_Box03.FBX","industrypropspack6","small_prop","dependent","place_on_ground_or_support","bottom_centered",True,True,False,"place on ground | can be placed near anchor objects",5,5,5,1,"Lit",False,0,False,0,False,False,0,"",1.8543,1.1118,2.8464,""
"SM_TrafficBarrel01","Prefab","Assets/ConstructionSite/Prefab/IndustryPropsPack6/SM_TrafficBarrel01.prefab","industrypropspack6","small_prop","dependent","place_on_ground_or_support","bottom_centered",True,True,False,"place on ground | can be placed near anchor objects",4,4,4,1,"M_TrafficBarrel",True,1,False,0,False,False,0,"",0.8107,0.9540,0.8107,""
"SM_TrafficBarrel01","Model","Assets/ConstructionSite/Meshes/IndustryPropsPack6/SM_TrafficBarrel01.FBX","industrypropspack6","small_prop","dependent","place_on_ground_or_support","bottom_centered",True,True,False,"place on ground | can be placed near anchor objects",5,5,5,1,"Lit",False,0,False,0,False,False,0,"",0.8134,0.9540,0.8114,""
"SM_Tarp01","Prefab","Assets/ConstructionSite/Prefab/IndustryPropsPack6/SM_Tarp01.prefab","industrypropspack6","unclassified","unknown","unknown","bottom_centered",False,True,False,"",4,4,4,1,"M_Tarp1",True,1,False,0,False,False,0,"",2.7622,0.3350,3.1802,""
"SM_Tarp01","Model","Assets/ConstructionSite/Meshes/IndustryPropsPack6/SM_Tarp01.FBX","industrypropspack6","unclassified","unknown","unknown","bottom_centered",False,True,False,"",5,5,5,1,"Lit",False,0,False,0,False,False,0,"",2.7653,0.3399,3.1840,""
"SM_Tarp02","Prefab","Assets/ConstructionSite/Prefab/IndustryPropsPack6/SM_Tarp02.prefab","industrypropspack6","unclassified","unknown","unknown","bottom_centered",False,True,False,"",4,4,4,1,"M_Tarp1",True,1,False,0,False,False,0,"",3.0003,0.2054,2.7962,""
"SM_Tarp02","Model","Assets/ConstructionSite/Meshes/IndustryPropsPack6/SM_Tarp02.FBX","industrypropspack6","unclassified","unknown","unknown","bottom_centered",False,True,False,"",5,5,5,1,"Lit",False,0,False,0,False,False,0,"",3.0017,0.2121,2.8022,""
"SM_WaterTank01","Prefab","Assets/ConstructionSite/Prefab/IndustryPropsPack6/SM_WaterTank01.prefab","industrypropspack6","unclassified","unknown","unknown","bottom_centered",False,True,False,"",4,4,4,1,"M_WaterTank",True,1,False,0,False,False,0,"",1.2862,1.4680,1.2519,""
"SM_WaterTank01","Model","Assets/ConstructionSite/Meshes/IndustryPropsPack6/SM_WaterTank01.FBX","industrypropspack6","unclassified","unknown","unknown","bottom_centered",False,True,False,"",5,5,5,1,"Lit",False,0,False,0,False,False,0,"",1.2998,1.4698,1.2631,""
"SM_CargoContainer01","Model","Assets/ConstructionSite/Meshes/ConstructionSite/SM_CargoContainer01.FBX","meshes","container","support_or_anchor","structural_support","bottom_centered",True,True,False,"place on ground | large footprint asset",5,5,5,1,"Lit",False,0,False,0,False,False,0,"",2.4627,2.6221,6.1934,""
"SM_CargoContainer02","Model","Assets/ConstructionSite/Meshes/ConstructionSite/SM_CargoContainer02.FBX","meshes","container","support_or_anchor","structural_support","bottom_centered",True,True,False,"place on ground | large footprint asset",5,5,5,1,"Lit",False,0,False,0,False,False,0,"",2.5447,2.6549,6.2072,""
"SM_CargoContainer03","Model","Assets/ConstructionSite/Meshes/ConstructionSite/SM_CargoContainer03.FBX","meshes","container","support_or_anchor","structural_support","bottom_centered",True,True,False,"place on ground | large footprint asset",5,5,5,1,"Lit",False,0,False,0,False,False,0,"",2.5447,2.6467,6.2072,""
"SM_CargoContainer04","Model","Assets/ConstructionSite/Meshes/ConstructionSite/SM_CargoContainer04.FBX","meshes","container","support_or_anchor","structural_support","bottom_centered",True,True,False,"place on ground | large footprint asset",5,5,5,1,"Lit",False,0,False,0,False,False,0,"",2.5517,2.6397,6.2072,""
"SM_CargoContainer05","Model","Assets/ConstructionSite/Meshes/ConstructionSite/SM_CargoContainer05.FBX","meshes","container","support_or_anchor","structural_support","bottom_centered",True,True,False,"place on ground | large footprint asset",5,5,5,1,"Lit",False,0,False,0,False,False,0,"",2.5517,2.6397,6.2072,""
"SM_CargoContainer06","Model","Assets/ConstructionSite/Meshes/ConstructionSite/SM_CargoContainer06.FBX","meshes","container","support_or_anchor","structural_support","bottom_centered",True,True,False,"place on ground | large footprint asset",5,5,5,1,"Lit",False,0,False,0,False,False,0,"",2.5447,2.6397,6.2072,""
"SM_CargoContainerDoorL","Model","Assets/ConstructionSite/Meshes/ConstructionSite/SM_CargoContainerDoorL.FBX","meshes","container","support_or_anchor","structural_support","bottom_centered",True,True,False,"place on ground | large footprint asset",5,5,5,1,"Lit",False,0,False,0,False,False,0,"",1.2295,2.5205,0.1487,""
"SM_CargoContainerDoorR","Model","Assets/ConstructionSite/Meshes/ConstructionSite/SM_CargoContainerDoorR.FBX","meshes","container","support_or_anchor","structural_support","bottom_centered",True,True,False,"place on ground | large footprint asset",5,5,5,1,"Lit",False,0,False,0,False,False,0,"",1.3185,2.5206,0.1693,""
"SM_Container01","Model","Assets/ConstructionSite/Meshes/ConstructionSite/SM_Container01.FBX","meshes","container","support_or_anchor","structural_support","bottom_centered",True,True,False,"place on ground | large footprint asset",5,5,5,1,"Lit",False,0,False,0,False,False,0,"",1.9237,1.7123,3.8921,""
"SM_Container02_1","Model","Assets/ConstructionSite/Meshes/ConstructionSite/SM_Container02_1.FBX","meshes","container","support_or_anchor","structural_support","bottom_centered",True,True,False,"place on ground | large footprint asset",5,5,5,1,"Lit",False,0,False,0,False,False,0,"",1.0916,0.9311,1.3812,""
"SM_Container02_2","Model","Assets/ConstructionSite/Meshes/ConstructionSite/SM_Container02_2.FBX","meshes","container","support_or_anchor","structural_support","bottom_centered",True,True,False,"place on ground | large footprint asset",5,5,5,1,"Lit",False,0,False,0,False,False,0,"",1.0862,1.3007,1.3947,""
"SM_Container02_3","Model","Assets/ConstructionSite/Meshes/ConstructionSite/SM_Container02_3.FBX","meshes","container","support_or_anchor","structural_support","bottom_centered",True,True,False,"place on ground | large footprint asset",5,5,5,1,"Lit",False,0,False,0,False,False,0,"",1.0555,0.9249,1.3812,""
"SM_FloorSlabs01","Model","Assets/ConstructionSite/Meshes/ConstructionSite/SM_FloorSlabs01.FBX","meshes","ground","support_anchor","ground","bottom_centered",False,True,False,"",5,5,5,1,"Lit",False,0,False,0,False,False,0,"",4.0246,0.2348,1.5053,""
"SM_FloorSlabs02","Model","Assets/ConstructionSite/Meshes/ConstructionSite/SM_FloorSlabs02.FBX","meshes","ground","support_anchor","ground","bottom_centered",False,True,False,"",5,5,5,1,"Lit",False,0,False,0,False,False,0,"",4.0816,1.3383,1.6775,""
"SM_FloorSlabs02Tarp","Model","Assets/ConstructionSite/Meshes/ConstructionSite/SM_FloorSlabs02Tarp.FBX","meshes","ground","support_anchor","ground","bottom_centered",False,True,False,"",5,5,5,1,"Lit",False,0,False,0,False,False,0,"",4.3735,1.3483,1.8221,""
"SM_FloodlightTower01","Model","Assets/ConstructionSite/Meshes/ConstructionSite/SM_FloodlightTower01.FBX","meshes","light","dependent","place_on_ground_or_support","bottom_centered",True,True,False,"place on ground",5,5,5,1,"Lit",False,0,False,0,False,False,0,"",1.5337,11.8615,0.9776,""
"SM_FloodlightTower02","Model","Assets/ConstructionSite/Meshes/ConstructionSite/SM_FloodlightTower02.FBX","meshes","light","dependent","place_on_ground_or_support","bottom_centered",True,True,False,"place on ground",5,5,5,1,"Lit",False,0,False,0,False,False,0,"",0.3996,0.7174,0.8059,""
"SM_FloodlightTower03","Model","Assets/ConstructionSite/Meshes/ConstructionSite/SM_FloodlightTower03.FBX","meshes","light","dependent","place_on_ground_or_support","bottom_centered",True,True,False,"place on ground",5,5,5,1,"Lit",False,0,False,0,False,False,0,"",2.1487,11.8591,2.8312,""
"SM_FloodlightTowerSpotlights","Model","Assets/ConstructionSite/Meshes/ConstructionSite/SM_FloodlightTowerSpotlights.FBX","meshes","light","dependent","place_on_ground_or_support","offset",True,True,False,"place on ground | pivot may need placement offset correction",5,5,5,1,"Lit",False,0,False,0,False,False,0,"",2.8418,1.3324,1.1592,""
"SM_Beam01","Model","Assets/ConstructionSite/Meshes/ConstructionSite/SM_Beam01.FBX","meshes","material","dependent","place_on_ground_or_support","bottom_centered",True,True,False,"place on ground | can be placed near anchor objects",5,5,5,1,"Lit",False,0,False,0,False,False,0,"",6.6740,0.4936,0.4297,""
"SM_Beam02","Model","Assets/ConstructionSite/Meshes/ConstructionSite/SM_Beam02.FBX","meshes","material","dependent","place_on_ground_or_support","bottom_centered",True,True,False,"place on ground | can be placed near anchor objects",5,5,5,1,"Lit",False,0,False,0,False,False,0,"",7.0398,1.3926,1.8778,""
"SM_Beam02Tarp","Model","Assets/ConstructionSite/Meshes/ConstructionSite/SM_Beam02Tarp.FBX","meshes","material","dependent","place_on_ground_or_support","bottom_centered",True,True,False,"place on ground | can be placed near anchor objects",5,5,5,1,"Lit",False,0,False,0,False,False,0,"",7.2504,1.3912,2.0297,""
"SM_Coilwire01","Model","Assets/ConstructionSite/Meshes/ConstructionSite/SM_Coilwire01.FBX","meshes","material","dependent","place_on_ground_or_support","bottom_centered",True,True,False,"place on ground | can be placed near anchor objects",5,5,5,1,"Lit",False,0,False,0,False,False,0,"",0.9021,0.6125,0.9129,""
"SM_Coilwire02","Model","Assets/ConstructionSite/Meshes/ConstructionSite/SM_Coilwire02.FBX","meshes","material","dependent","place_on_ground_or_support","bottom_centered",True,True,False,"place on ground | can be placed near anchor objects",5,5,5,1,"Lit",False,0,False,0,False,False,0,"",0.9021,0.6125,0.9131,""
"SM_ConcreteBeam01_1","Model","Assets/ConstructionSite/Meshes/ConstructionSite/SM_ConcreteBeam01_1.FBX","meshes","material","dependent","place_on_ground_or_support","bottom_centered",True,True,False,"place on ground | can be placed near anchor objects",5,5,5,1,"Lit",False,0,False,0,False,False,0,"",4.0634,0.6363,0.3974,""
"SM_ConcreteBeam01_2","Model","Assets/ConstructionSite/Meshes/ConstructionSite/SM_ConcreteBeam01_2.FBX","meshes","material","dependent","place_on_ground_or_support","bottom_centered",True,True,False,"place on ground | can be placed near anchor objects",5,5,5,1,"Lit",False,0,False,0,False,False,0,"",4.2106,0.6272,0.8631,""
"SM_ConcreteBeam01_3","Model","Assets/ConstructionSite/Meshes/ConstructionSite/SM_ConcreteBeam01_3.FBX","meshes","material","dependent","place_on_ground_or_support","bottom_centered",True,True,False,"place on ground | can be placed near anchor objects",5,5,5,1,"Lit",False,0,False,0,False,False,0,"",4.2277,1.1496,1.2892,""
"SM_ConcreteBeam01_4","Model","Assets/ConstructionSite/Meshes/ConstructionSite/SM_ConcreteBeam01_4.FBX","meshes","material","dependent","place_on_ground_or_support","bottom_centered",True,True,False,"place on ground | can be placed near anchor objects",5,5,5,1,"Lit",False,0,False,0,False,False,0,"",4.4983,1.6701,1.3004,""
"SM_ConcreteBeam01_4Tarp","Model","Assets/ConstructionSite/Meshes/ConstructionSite/SM_ConcreteBeam01_4Tarp.FBX","meshes","material","dependent","place_on_ground_or_support","bottom_centered",True,True,False,"place on ground | can be placed near anchor objects",5,5,5,1,"Lit",False,0,False,0,False,False,0,"",4.4914,1.6595,1.5225,""
"SM_ConcreteBeam02_1","Model","Assets/ConstructionSite/Meshes/ConstructionSite/SM_ConcreteBeam02_1.FBX","meshes","material","dependent","place_on_ground_or_support","bottom_centered",True,True,False,"place on ground | can be placed near anchor objects",5,5,5,1,"Lit",False,0,False,0,False,False,0,"",4.0743,0.4860,0.6087,""
"SM_ConcreteBeam02_2","Model","Assets/ConstructionSite/Meshes/ConstructionSite/SM_ConcreteBeam02_2.FBX","meshes","material","dependent","place_on_ground_or_support","bottom_centered",True,True,False,"place on ground | can be placed near anchor objects",5,5,5,1,"Lit",False,0,False,0,False,False,0,"",4.2095,0.8779,1.2620,""
"SM_ConcreteBeam02_3","Model","Assets/ConstructionSite/Meshes/ConstructionSite/SM_ConcreteBeam02_3.FBX","meshes","material","dependent","place_on_ground_or_support","bottom_centered",True,True,False,"place on ground | can be placed near anchor objects",5,5,5,1,"Lit",False,0,False,0,False,False,0,"",4.2862,1.6253,1.3161,""
"SM_ConcreteBeam02_3Tarp","Model","Assets/ConstructionSite/Meshes/ConstructionSite/SM_ConcreteBeam02_3Tarp.FBX","meshes","material","dependent","place_on_ground_or_support","bottom_centered",True,True,False,"place on ground | can be placed near anchor objects",5,5,5,1,"Lit",False,0,False,0,False,False,0,"",4.6454,1.5770,1.5404,""
"SM_ConcreteBeam02_4","Model","Assets/ConstructionSite/Meshes/ConstructionSite/SM_ConcreteBeam02_4.FBX","meshes","material","dependent","place_on_ground_or_support","bottom_centered",True,True,False,"place on ground | can be placed near anchor objects",5,5,5,1,"Lit",False,0,False,0,False,False,0,"",4.4245,1.6248,1.9299,""
"SM_ReinforcementBar01","Model","Assets/ConstructionSite/Meshes/ConstructionSite/SM_ReinforcementBar01.FBX","meshes","material","dependent","place_on_ground_or_support","bottom_centered",True,True,False,"place on ground | can be placed near anchor objects",4,4,4,1,"Lit",False,0,False,0,False,False,0,"",5.0085,0.0540,0.0649,""
"SM_ReinforcementBar02","Model","Assets/ConstructionSite/Meshes/ConstructionSite/SM_ReinforcementBar02.FBX","meshes","material","dependent","place_on_ground_or_support","bottom_centered",True,True,False,"place on ground | can be placed near anchor objects",5,5,5,1,"Lit",False,0,False,0,False,False,0,"",5.3943,0.2976,0.8334,""
"SM_ReinforcementBar03","Model","Assets/ConstructionSite/Meshes/ConstructionSite/SM_ReinforcementBar03.FBX","meshes","material","dependent","place_on_ground_or_support","bottom_centered",True,True,False,"place on ground | can be placed near anchor objects",5,5,5,1,"Lit",False,0,False,0,False,False,0,"",5.3447,0.2721,0.8334,""
"SM_ReinforcementBar04","Model","Assets/ConstructionSite/Meshes/ConstructionSite/SM_ReinforcementBar04.FBX","meshes","material","dependent","place_on_ground_or_support","bottom_centered",True,True,False,"place on ground | can be placed near anchor objects",5,5,5,1,"Lit",False,0,False,0,False,False,0,"",5.4838,0.2721,0.8334,""
"SM_StoragePipe01_1","Model","Assets/ConstructionSite/Meshes/ConstructionSite/SM_StoragePipe01_1.FBX","meshes","material","dependent","place_on_ground_or_support","bottom_centered",True,True,False,"place on ground | can be placed near anchor objects",4,4,4,1,"Lit",False,0,False,0,False,False,0,"",7.0142,0.1937,0.2117,""
"SM_StoragePipe01_2","Model","Assets/ConstructionSite/Meshes/ConstructionSite/SM_StoragePipe01_2.FBX","meshes","material","dependent","place_on_ground_or_support","bottom_centered",True,True,False,"place on ground | can be placed near anchor objects",5,5,5,1,"Lit",False,0,False,0,False,False,0,"",7.1385,0.9355,1.0256,""
"SM_StoragePipe02_1","Model","Assets/ConstructionSite/Meshes/ConstructionSite/SM_StoragePipe02_1.FBX","meshes","material","dependent","place_on_ground_or_support","bottom_centered",True,True,False,"place on ground | can be placed near anchor objects",5,5,5,1,"Lit",False,0,False,0,False,False,0,"",2.8685,0.2459,0.2697,""
"SM_StoragePipe02_2","Model","Assets/ConstructionSite/Meshes/ConstructionSite/SM_StoragePipe02_2.FBX","meshes","material","dependent","place_on_ground_or_support","bottom_centered",True,True,False,"place on ground | can be placed near anchor objects",5,5,5,1,"Lit",False,0,False,0,False,False,0,"",3.3999,0.9132,1.1942,""
"SM_StoragePipe02_3","Model","Assets/ConstructionSite/Meshes/ConstructionSite/SM_StoragePipe02_3.FBX","meshes","material","dependent","place_on_ground_or_support","bottom_centered",True,True,False,"place on ground | can be placed near anchor objects",5,5,5,1,"Lit",False,0,False,0,False,False,0,"",2.8802,1.3893,0.9649,""
"SM_StoragePipe02_4","Model","Assets/ConstructionSite/Meshes/ConstructionSite/SM_StoragePipe02_4.FBX","meshes","material","dependent","place_on_ground_or_support","bottom_centered",True,True,False,"place on ground | can be placed near anchor objects",5,5,5,1,"Lit",False,0,False,0,False,False,0,"",3.0414,0.9168,1.1975,""
"SM_StoragePipe02_5","Model","Assets/ConstructionSite/Meshes/ConstructionSite/SM_StoragePipe02_5.FBX","meshes","material","dependent","place_on_ground_or_support","bottom_centered",True,True,False,"place on ground | can be placed near anchor objects",5,5,5,1,"Lit",False,0,False,0,False,False,0,"",2.8820,1.3893,0.9713,""
"SM_StoragePipe02_6","Model","Assets/ConstructionSite/Meshes/ConstructionSite/SM_StoragePipe02_6.FBX","meshes","material","dependent","place_on_ground_or_support","bottom_centered",True,True,False,"place on ground | can be placed near anchor objects",5,5,5,1,"Lit",False,0,False,0,False,False,0,"",2.8873,0.9197,1.2027,""
"SM_StoragePipe02_7","Model","Assets/ConstructionSite/Meshes/ConstructionSite/SM_StoragePipe02_7.FBX","meshes","material","dependent","place_on_ground_or_support","bottom_centered",True,True,False,"place on ground | can be placed near anchor objects",5,5,5,1,"Lit",False,0,False,0,False,False,0,"",2.9107,1.3950,0.9713,""
"SM_StoragePipe03_1","Model","Assets/ConstructionSite/Meshes/ConstructionSite/SM_StoragePipe03_1.FBX","meshes","material","dependent","place_on_ground_or_support","bottom_centered",True,True,False,"place on ground | can be placed near anchor objects",4,4,4,1,"Lit",False,0,False,0,False,False,0,"",6.6304,0.5699,0.5221,""
"SM_StoragePipe03_2","Model","Assets/ConstructionSite/Meshes/ConstructionSite/SM_StoragePipe03_2.FBX","meshes","material","dependent","place_on_ground_or_support","bottom_centered",True,True,False,"place on ground | can be placed near anchor objects",5,5,5,1,"Lit",False,0,False,0,False,False,0,"",7.0318,2.0269,2.6638,""
"SM_StoragePipe03_3","Model","Assets/ConstructionSite/Meshes/ConstructionSite/SM_StoragePipe03_3.FBX","meshes","material","dependent","place_on_ground_or_support","bottom_centered",True,True,False,"place on ground | can be placed near anchor objects",5,5,5,1,"Lit",False,0,False,0,False,False,0,"",6.9544,2.0269,2.6638,""
"SM_StoragePipe03_3Tarp","Model","Assets/ConstructionSite/Meshes/ConstructionSite/SM_StoragePipe03_3Tarp.FBX","meshes","material","dependent","place_on_ground_or_support","bottom_centered",True,True,False,"place on ground | can be placed near anchor objects",5,5,5,1,"Lit",False,0,False,0,False,False,0,"",6.6657,1.1013,2.6983,""
"SM_StoragePipe03_4","Model","Assets/ConstructionSite/Meshes/ConstructionSite/SM_StoragePipe03_4.FBX","meshes","material","dependent","place_on_ground_or_support","bottom_centered",True,True,False,"place on ground | can be placed near anchor objects",5,5,5,1,"Lit",False,0,False,0,False,False,0,"",6.6328,0.7118,0.7171,""
"SM_StoragePipe03_5","Model","Assets/ConstructionSite/Meshes/ConstructionSite/SM_StoragePipe03_5.FBX","meshes","material","dependent","place_on_ground_or_support","bottom_centered",True,True,False,"place on ground | can be placed near anchor objects",5,5,5,1,"Lit",False,0,False,0,False,False,0,"",6.6446,1.6237,1.7307,""
"SM_StoragePipe03_5Tarp","Model","Assets/ConstructionSite/Meshes/ConstructionSite/SM_StoragePipe03_5Tarp.FBX","meshes","material","dependent","place_on_ground_or_support","bottom_centered",True,True,False,"place on ground | can be placed near anchor objects",5,5,5,1,"Lit",False,0,False,0,False,False,0,"",6.9018,1.4361,1.7753,""
"SM_RoadClosure01","Model","Assets/ConstructionSite/Meshes/ConstructionSite/SM_RoadClosure01.FBX","meshes","road_prop","dependent","place_on_ground_or_support","bottom_centered",True,True,False,"place on ground",5,5,5,1,"Lit",False,0,False,0,False,False,0,"",0.4062,1.1968,0.3533,""
"SM_RoadClosure02","Model","Assets/ConstructionSite/Meshes/ConstructionSite/SM_RoadClosure02.FBX","meshes","road_prop","dependent","place_on_ground_or_support","bottom_centered",True,True,False,"place on ground",5,5,5,1,"Lit",False,0,False,0,False,False,0,"",0.8100,1.0568,0.9479,""
"SM_RoadClosure03","Model","Assets/ConstructionSite/Meshes/ConstructionSite/SM_RoadClosure03.FBX","meshes","road_prop","dependent","place_on_ground_or_support","bottom_centered",True,True,False,"place on ground",5,5,5,1,"Lit",False,0,False,0,False,False,0,"",0.4814,1.4627,1.5936,""
"SM_MobileGenerator01","Model","Assets/ConstructionSite/Meshes/ConstructionSite/SM_MobileGenerator01.FBX","meshes","small_prop","dependent","place_on_ground_or_support","bottom_centered",True,True,False,"place on ground | can be placed near anchor objects",5,5,5,1,"Lit",False,0,False,0,False,False,0,"",1.3040,1.2378,3.0864,""
"SM_Biotoilet","Model","Assets/ConstructionSite/Meshes/ConstructionSite/SM_Biotoilet.FBX","meshes","toilet","dependent","place_on_ground_or_support","bottom_centered",True,True,False,"place on ground",5,5,5,1,"Lit",False,0,False,0,False,False,0,"",1.1802,2.4852,1.2000,""
"SM_BiotoiletDoor","Model","Assets/ConstructionSite/Meshes/ConstructionSite/SM_BiotoiletDoor.FBX","meshes","toilet","dependent","place_on_ground_or_support","bottom_centered",True,True,False,"place on ground",5,5,5,1,"Lit",False,0,False,0,False,False,0,"",0.7673,1.9668,0.1297,""
"Block","Model","Assets/ConstructionSite/Meshes/Block.fbx","meshes","unclassified","unknown","unknown","bottom_centered",False,False,True,"check import scale",1,1,1,1,"Lit",False,0,False,0,False,False,0,"",545.9072,134.0824,575.1576,""
"SM_CablingWinches01","Model","Assets/ConstructionSite/Meshes/ConstructionSite/SM_CablingWinches01.FBX","meshes","unclassified","unknown","unknown","bottom_centered",False,True,False,"",5,5,5,1,"Lit",False,0,False,0,False,False,0,"",2.0514,2.2037,3.1225,""
"SM_ConcreteWell01","Model","Assets/ConstructionSite/Meshes/ConstructionSite/SM_ConcreteWell01.FBX","meshes","unclassified","unknown","unknown","bottom_centered",False,True,False,"",5,5,5,1,"Lit",False,0,False,0,False,False,0,"",1.7582,1.3068,1.7371,""
"SM_ConstructionLift01","Model","Assets/ConstructionSite/Meshes/ConstructionSite/SM_ConstructionLift01.FBX","meshes","unclassified","unknown","unknown","bottom_centered",False,True,False,"",5,5,5,1,"Lit",False,0,False,0,False,False,0,"",3.0903,4.1301,6.4039,""
"SM_ConstructionLift02","Model","Assets/ConstructionSite/Meshes/ConstructionSite/SM_ConstructionLift02.FBX","meshes","unclassified","unknown","unknown","bottom_centered",False,True,False,"",4,4,4,1,"Lit",False,0,False,0,False,False,0,"",2.9868,4.1201,3.1321,""
"SM_ConstructionLift03","Model","Assets/ConstructionSite/Meshes/ConstructionSite/SM_ConstructionLift03.FBX","meshes","unclassified","unknown","unknown","bottom_centered",False,True,False,"",5,5,5,1,"Lit",False,0,False,0,False,False,0,"",2.9927,4.1198,3.1321,""
"SM_ConstructionLift04","Model","Assets/ConstructionSite/Meshes/ConstructionSite/SM_ConstructionLift04.FBX","meshes","unclassified","unknown","unknown","bottom_centered",False,True,False,"",5,5,5,1,"Lit",False,0,False,0,False,False,0,"",2.9868,4.1195,3.1321,""
"SM_ConstructionLift05","Model","Assets/ConstructionSite/Meshes/ConstructionSite/SM_ConstructionLift05.FBX","meshes","unclassified","unknown","unknown","bottom_centered",False,True,False,"",5,5,5,1,"Lit",False,0,False,0,False,False,0,"",2.9287,4.9203,2.8015,""
"SM_ConstructionLift06","Model","Assets/ConstructionSite/Meshes/ConstructionSite/SM_ConstructionLift06.FBX","meshes","unclassified","unknown","unknown","bottom_centered",False,True,False,"",5,5,5,1,"Lit",False,0,False,0,False,False,0,"",2.2917,2.9442,2.2745,""
"SM_ConstructionLift07","Model","Assets/ConstructionSite/Meshes/ConstructionSite/SM_ConstructionLift07.FBX","meshes","unclassified","unknown","unknown","bottom_centered",False,True,False,"",5,5,5,1,"Lit",False,0,False,0,False,False,0,"",1.1303,2.5636,0.2331,""
"SM_ConstructionLift08","Model","Assets/ConstructionSite/Meshes/ConstructionSite/SM_ConstructionLift08.FBX","meshes","unclassified","unknown","unknown","bottom_centered",False,True,False,"",4,4,4,1,"Lit",False,0,False,0,False,False,0,"",2.4184,0.6704,1.3120,""
"SM_ConstructionPit01","Model","Assets/ConstructionSite/Meshes/ConstructionSite/SM_ConstructionPit01.FBX","meshes","unclassified","unknown","unknown","bottom_centered",False,True,False,"",5,5,5,1,"Lit",False,0,False,0,False,False,0,"",4.1236,4.1282,0.3951,""
"SM_ConstructionPit02","Model","Assets/ConstructionSite/Meshes/ConstructionSite/SM_ConstructionPit02.FBX","meshes","unclassified","unknown","unknown","bottom_centered",False,True,False,"",5,5,5,1,"Lit",False,0,False,0,False,False,0,"",2.0437,4.0882,0.3688,""
"SM_ConstructionPit03","Model","Assets/ConstructionSite/Meshes/ConstructionSite/SM_ConstructionPit03.FBX","meshes","unclassified","unknown","unknown","bottom_centered",False,True,False,"",5,5,5,1,"Lit",False,0,False,0,False,False,0,"",4.2407,4.3646,4.3003,""
"SM_ConstructionPit04","Model","Assets/ConstructionSite/Meshes/ConstructionSite/SM_ConstructionPit04.FBX","meshes","unclassified","unknown","unknown","bottom_centered",False,True,False,"",5,5,5,1,"Lit",False,0,False,0,False,False,0,"",2.2408,4.4721,2.3099,""
"SM_ConstructionPit05","Model","Assets/ConstructionSite/Meshes/ConstructionSite/SM_ConstructionPit05.FBX","meshes","unclassified","unknown","unknown","offset",False,True,False,"pivot may need placement offset correction",5,5,5,1,"Lit",False,0,False,0,False,False,0,"",4.2156,4.8753,4.3300,""
"SM_ConstructionPit06","Model","Assets/ConstructionSite/Meshes/ConstructionSite/SM_ConstructionPit06.FBX","meshes","unclassified","unknown","unknown","bottom_centered",False,True,False,"",5,5,5,1,"Lit",False,0,False,0,False,False,0,"",2.1352,4.2212,2.1310,""
"SM_ConstructionPit07","Model","Assets/ConstructionSite/Meshes/ConstructionSite/SM_ConstructionPit07.FBX","meshes","unclassified","unknown","unknown","bottom_centered",False,True,False,"",4,4,4,1,"Lit",False,0,False,0,False,False,0,"",4.0197,0.0985,2.8411,""
"SM_ConstructionPit08","Model","Assets/ConstructionSite/Meshes/ConstructionSite/SM_ConstructionPit08.FBX","meshes","unclassified","unknown","unknown","bottom_centered",False,True,False,"",4,4,4,1,"Lit",False,0,False,0,False,False,0,"",2.0170,0.0829,2.8354,""
"SM_ConstructionPit09","Model","Assets/ConstructionSite/Meshes/ConstructionSite/SM_ConstructionPit09.FBX","meshes","unclassified","unknown","unknown","bottom_centered",False,True,False,"",4,4,4,1,"Lit",False,0,False,0,False,False,0,"",4.1537,0.0828,4.1524,""
"SM_ConstructionPit10","Model","Assets/ConstructionSite/Meshes/ConstructionSite/SM_ConstructionPit10.FBX","meshes","unclassified","unknown","unknown","bottom_centered",False,True,False,"",4,4,4,1,"Lit",False,0,False,0,False,False,0,"",2.1595,0.0813,2.1580,""
"SM_ConstructionPit11","Model","Assets/ConstructionSite/Meshes/ConstructionSite/SM_ConstructionPit11.FBX","meshes","unclassified","unknown","unknown","bottom_centered",False,True,False,"",4,4,4,1,"Lit",False,0,False,0,False,False,0,"",6.7118,0.0973,6.7120,""
"SM_ConstructionPit12","Model","Assets/ConstructionSite/Meshes/ConstructionSite/SM_ConstructionPit12.FBX","meshes","unclassified","unknown","unknown","bottom_centered",False,True,False,"",4,4,4,1,"Lit",False,0,False,0,False,False,0,"",4.7040,0.0975,4.7040,""
"SM_Extension","Model","Assets/ConstructionSite/Meshes/ConstructionSite/SM_Extension.FBX","meshes","unclassified","unknown","unknown","bottom_centered",False,True,False,"",5,5,5,1,"Lit",False,0,False,0,False,False,0,"",0.2546,0.2956,0.2235,""
"SM_Hose01","Model","Assets/ConstructionSite/Meshes/ConstructionSite/SM_Hose01.FBX","meshes","unclassified","unknown","unknown","bottom_centered",False,True,False,"",5,5,5,1,"Lit",False,0,False,0,False,False,0,"",0.8004,0.2441,0.8161,""
"SM_Hose02","Model","Assets/ConstructionSite/Meshes/ConstructionSite/SM_Hose02.FBX","meshes","unclassified","unknown","unknown","bottom_centered",False,True,False,"",5,5,5,1,"Lit",False,0,False,0,False,False,0,"",0.9957,0.4178,0.8145,""
"SM_Hose03","Model","Assets/ConstructionSite/Meshes/ConstructionSite/SM_Hose03.FBX","meshes","unclassified","unknown","unknown","bottom_centered",False,True,False,"",5,5,5,1,"Lit",False,0,False,0,False,False,0,"",0.9882,0.1708,0.3014,""
"SM_Hose04","Model","Assets/ConstructionSite/Meshes/ConstructionSite/SM_Hose04.FBX","meshes","unclassified","unknown","unknown","bottom_centered",False,True,False,"",5,5,5,1,"Lit",False,0,False,0,False,False,0,"",1.1452,0.1512,1.0121,""
"SM_Log01","Model","Assets/ConstructionSite/Meshes/ConstructionSite/SM_Log01.FBX","meshes","unclassified","unknown","unknown","bottom_centered",False,True,False,"",3,3,3,1,"Lit",False,0,False,0,False,False,0,"",0.3738,0.3738,5.8644,""
"SM_Log02","Model","Assets/ConstructionSite/Meshes/ConstructionSite/SM_Log02.FBX","meshes","unclassified","unknown","unknown","bottom_centered",False,True,False,"",3,3,3,1,"Lit",False,0,False,0,False,False,0,"",1.0849,1.4461,6.1961,""
"SM_Log02Tarp","Model","Assets/ConstructionSite/Meshes/ConstructionSite/SM_Log02Tarp.FBX","meshes","unclassified","unknown","unknown","bottom_centered",False,True,False,"",5,5,5,1,"Lit",False,0,False,0,False,False,0,"",1.5135,1.4834,6.5523,""
"SM_PlankWood01","Model","Assets/ConstructionSite/Meshes/ConstructionSite/SM_PlankWood01.FBX","meshes","unclassified","unknown","unknown","offset",False,True,False,"pivot may need placement offset correction",4,4,4,1,"Lit",False,0,False,0,False,False,0,"",0.2498,0.0784,2.6459,""
"SM_Plankwood02","Model","Assets/ConstructionSite/Meshes/ConstructionSite/SM_Plankwood02.FBX","meshes","unclassified","unknown","unknown","bottom_centered",False,True,False,"",4,4,4,1,"Lit",False,0,False,0,False,False,0,"",0.2727,0.9266,2.7077,""
"SM_Plankwood03","Model","Assets/ConstructionSite/Meshes/ConstructionSite/SM_Plankwood03.FBX","meshes","unclassified","unknown","unknown","bottom_centered",False,True,False,"",4,4,4,1,"Lit",False,0,False,0,False,False,0,"",0.5624,0.9445,2.7037,""
"SM_Plankwood04","Model","Assets/ConstructionSite/Meshes/ConstructionSite/SM_Plankwood04.FBX","meshes","unclassified","unknown","unknown","bottom_centered",False,True,False,"",4,4,4,1,"Lit",False,0,False,0,False,False,0,"",0.8162,0.9932,2.8386,""
"SM_Plankwood05","Model","Assets/ConstructionSite/Meshes/ConstructionSite/SM_Plankwood05.FBX","meshes","unclassified","unknown","unknown","bottom_centered",False,True,False,"",4,4,4,1,"Lit",False,0,False,0,False,False,0,"",0.9743,0.6462,2.8453,""
"SM_Plankwood06","Model","Assets/ConstructionSite/Meshes/ConstructionSite/SM_Plankwood06.FBX","meshes","unclassified","unknown","unknown","bottom_centered",False,True,False,"",4,4,4,1,"Lit",False,0,False,0,False,False,0,"",0.1588,0.1755,5.8905,""
"SM_Plankwood07","Model","Assets/ConstructionSite/Meshes/ConstructionSite/SM_Plankwood07.FBX","meshes","unclassified","unknown","unknown","bottom_centered",False,True,False,"",4,4,4,1,"Lit",False,0,False,0,False,False,0,"",0.3428,0.3402,5.9574,""
"SM_Plankwood08","Model","Assets/ConstructionSite/Meshes/ConstructionSite/SM_Plankwood08.FBX","meshes","unclassified","unknown","unknown","bottom_centered",False,True,False,"",4,4,4,1,"Lit",False,0,False,0,False,False,0,"",0.6055,0.3402,5.9934,""
"SM_Plywood01","Model","Assets/ConstructionSite/Meshes/ConstructionSite/SM_Plywood01.FBX","meshes","unclassified","unknown","unknown","bottom_centered",False,True,False,"",2,2,2,1,"Lit",False,0,False,0,False,False,0,"",1.1771,0.0263,4.3050,""
"SM_Plywood02","Model","Assets/ConstructionSite/Meshes/ConstructionSite/SM_Plywood02.FBX","meshes","unclassified","unknown","unknown","bottom_centered",False,True,False,"",2,2,2,1,"Lit",False,0,False,0,False,False,0,"",1.6841,0.0263,5.6111,""
"SM_Plywood03","Model","Assets/ConstructionSite/Meshes/ConstructionSite/SM_Plywood03.FBX","meshes","unclassified","unknown","unknown","bottom_centered",False,True,False,"",2,2,2,1,"Lit",False,0,False,0,False,False,0,"",1.6345,0.5384,4.4131,""
"SM_Plywood04","Model","Assets/ConstructionSite/Meshes/ConstructionSite/SM_Plywood04.FBX","meshes","unclassified","unknown","unknown","bottom_centered",False,True,False,"",2,2,2,1,"Lit",False,0,False,0,False,False,0,"",1.2996,1.0039,4.3583,""
"SM_Plywood04Tarp","Model","Assets/ConstructionSite/Meshes/ConstructionSite/SM_Plywood04Tarp.FBX","meshes","unclassified","unknown","unknown","bottom_centered",False,True,False,"",5,5,5,1,"Lit",False,0,False,0,False,False,0,"",1.5140,1.0366,4.7882,""
"SM_Plywood05","Model","Assets/ConstructionSite/Meshes/ConstructionSite/SM_Plywood05.FBX","meshes","unclassified","unknown","unknown","bottom_centered",False,True,False,"",2,2,2,1,"Lit",False,0,False,0,False,False,0,"",2.3834,0.0239,4.3032,""
"SM_Stock01_1","Model","Assets/ConstructionSite/Meshes/ConstructionSite/SM_Stock01_1.FBX","meshes","unclassified","unknown","unknown","bottom_centered",False,True,False,"",4,4,4,1,"Lit",False,0,False,0,False,False,0,"",3.8150,1.9666,1.5350,""
"SM_Stock01_2","Model","Assets/ConstructionSite/Meshes/ConstructionSite/SM_Stock01_2.FBX","meshes","unclassified","unknown","unknown","bottom_centered",False,True,False,"",4,4,4,1,"Lit",False,0,False,0,False,False,0,"",3.8197,1.9483,1.9901,""
"SM_WasteChute01","Model","Assets/ConstructionSite/Meshes/ConstructionSite/SM_WasteChute01.FBX","meshes","unclassified","unknown","unknown","offset",False,True,False,"pivot may need placement offset correction",5,5,5,1,"Lit",False,0,False,0,False,False,0,"",0.7948,1.8827,0.8275,""
"SM_WasteChute02","Model","Assets/ConstructionSite/Meshes/ConstructionSite/SM_WasteChute02.FBX","meshes","unclassified","unknown","unknown","offset",False,True,False,"pivot may need placement offset correction",5,5,5,1,"Lit",False,0,False,0,False,False,0,"",0.5806,1.2107,0.5095,""
"SM_WasteChute03","Model","Assets/ConstructionSite/Meshes/ConstructionSite/SM_WasteChute03.FBX","meshes","unclassified","unknown","unknown","offset",False,True,False,"pivot may need placement offset correction",5,5,5,1,"Lit",False,0,False,0,False,False,0,"",0.5672,1.2178,0.5094,""
"SM_WheelBarrow01","Model","Assets/ConstructionSite/Meshes/ConstructionSite/SM_WheelBarrow01.FBX","meshes","unclassified","unknown","unknown","bottom_centered",False,True,False,"",5,5,5,1,"Lit",False,0,False,0,False,False,0,"",0.5641,0.6210,1.4111,""
"SM_ConcreteMixer01","Model","Assets/ConstructionSite/Meshes/ConstructionSite/SM_ConcreteMixer01.FBX","meshes","vehicle_equipment","major_anchor","heavy_grounded","bottom_centered",True,True,False,"place on ground",5,5,5,1,"Lit",False,0,False,0,False,False,0,"",0.6628,1.3352,1.9390,""
"SM_CargoContainer01","Prefab","Assets/ConstructionSite/Prefab/ConstructionSite/SM_CargoContainer01.prefab","prefab","container","support_or_anchor","structural_support","bottom_centered",True,True,False,"place on ground | large footprint asset",4,4,4,1,"M_CargoContainer1_1",True,1,False,0,False,False,0,"",2.4627,2.6221,6.1934,""
"SM_CargoContainer02","Prefab","Assets/ConstructionSite/Prefab/ConstructionSite/SM_CargoContainer02.prefab","prefab","container","support_or_anchor","structural_support","bottom_centered",True,True,False,"place on ground | large footprint asset",4,4,4,1,"M_CargoContainer1_1",True,1,False,0,False,False,0,"",2.5447,2.6397,6.2072,""
"SM_CargoContainer03","Prefab","Assets/ConstructionSite/Prefab/ConstructionSite/SM_CargoContainer03.prefab","prefab","container","support_or_anchor","structural_support","bottom_centered",True,True,False,"place on ground | large footprint asset",4,4,4,1,"M_CargoContainer1_1",True,1,False,0,False,False,0,"",2.5447,2.6397,6.2072,""
"SM_CargoContainer04","Prefab","Assets/ConstructionSite/Prefab/ConstructionSite/SM_CargoContainer04.prefab","prefab","container","support_or_anchor","structural_support","bottom_centered",True,True,False,"place on ground | large footprint asset",4,4,4,2,"M_CargoContainer1_1 | M_CargoDoor",True,1,False,0,False,False,0,"",2.5517,2.6397,6.2072,""
"SM_CargoContainer05","Prefab","Assets/ConstructionSite/Prefab/ConstructionSite/SM_CargoContainer05.prefab","prefab","container","support_or_anchor","structural_support","bottom_centered",True,True,False,"place on ground | large footprint asset",4,4,4,2,"M_CargoContainer1_1 | M_CargoDoor",True,1,False,0,False,False,0,"",2.5517,2.6397,6.2072,""
"SM_CargoContainer06","Prefab","Assets/ConstructionSite/Prefab/ConstructionSite/SM_CargoContainer06.prefab","prefab","container","support_or_anchor","structural_support","bottom_centered",True,True,False,"place on ground | large footprint asset",4,4,4,2,"M_CargoContainer1_1 | M_CargoDoor",True,1,False,0,False,False,0,"",2.5447,2.6397,6.2072,""
"SM_CargoContainerDoorL","Prefab","Assets/ConstructionSite/Prefab/ConstructionSite/SM_CargoContainerDoorL.prefab","prefab","container","support_or_anchor","structural_support","bottom_centered",True,True,False,"place on ground | large footprint asset",4,4,4,1,"M_CargoContainer1_1",True,1,False,0,False,False,0,"",1.2289,2.5106,0.1430,""
"SM_CargoContainerDoorR","Prefab","Assets/ConstructionSite/Prefab/ConstructionSite/SM_CargoContainerDoorR.prefab","prefab","container","support_or_anchor","structural_support","bottom_centered",True,True,False,"place on ground | large footprint asset",4,4,4,1,"M_CargoContainer1_1",True,1,False,0,False,False,0,"",1.3143,2.5106,0.1635,""
"SM_Container01","Prefab","Assets/ConstructionSite/Prefab/ConstructionSite/SM_Container01.prefab","prefab","container","support_or_anchor","structural_support","bottom_centered",True,True,False,"place on ground | large footprint asset",4,4,4,1,"M_Container01_1",True,1,False,0,False,False,0,"",1.9058,1.6921,3.8921,""
"SM_Container02_1","Prefab","Assets/ConstructionSite/Prefab/ConstructionSite/SM_Container02_1.prefab","prefab","container","support_or_anchor","structural_support","bottom_centered",True,True,False,"place on ground | large footprint asset",4,4,4,1,"M_Container02",True,1,False,0,False,False,0,"",1.0916,0.9311,1.3812,""
"SM_Container02_2","Prefab","Assets/ConstructionSite/Prefab/ConstructionSite/SM_Container02_2.prefab","prefab","container","support_or_anchor","structural_support","bottom_centered",True,True,False,"place on ground | large footprint asset",4,4,4,1,"M_Container02",True,1,False,0,False,False,0,"",1.0696,1.2819,1.3812,""
"SM_Container02_3","Prefab","Assets/ConstructionSite/Prefab/ConstructionSite/SM_Container02_3.prefab","prefab","container","support_or_anchor","structural_support","bottom_centered",True,True,False,"place on ground | large footprint asset",4,4,4,1,"M_Container02",True,1,False,0,False,False,0,"",1.0476,0.9112,1.3812,""
"SM_FloorSlabs01","Prefab","Assets/ConstructionSite/Prefab/ConstructionSite/SM_FloorSlabs01.prefab","prefab","ground","support_anchor","ground","bottom_centered",False,True,False,"",4,4,4,1,"M_Concrete",True,1,False,0,False,False,0,"",4.0153,0.2224,1.5053,""
"SM_FloorSlabs02","Prefab","Assets/ConstructionSite/Prefab/ConstructionSite/SM_FloorSlabs02.prefab","prefab","ground","support_anchor","ground","bottom_centered",False,True,False,"",4,4,4,1,"M_Concrete",True,1,False,0,False,False,0,"",4.0816,1.3383,1.6026,""
"SM_FloorSlabs02Tarp","Prefab","Assets/ConstructionSite/Prefab/ConstructionSite/SM_FloorSlabs02Tarp.prefab","prefab","ground","support_anchor","ground","bottom_centered",False,True,False,"",4,4,4,1,"M_Tarp1",True,1,False,0,False,False,0,"",4.3621,1.3370,1.8170,""
"SM_FloodlightTower01","Prefab","Assets/ConstructionSite/Prefab/ConstructionSite/SM_FloodlightTower01.prefab","prefab","light","dependent","place_on_ground_or_support","bottom_centered",True,True,False,"place on ground",4,4,4,1,"M_FloodlightTower",True,1,False,0,False,False,0,"",1.5337,11.8615,0.9776,""
"SM_FloodlightTower02","Prefab","Assets/ConstructionSite/Prefab/ConstructionSite/SM_FloodlightTower02.prefab","prefab","light","dependent","place_on_ground_or_support","bottom_centered",True,True,False,"place on ground",4,4,4,1,"M_FloodlightTower",True,1,False,0,False,False,0,"",0.3996,0.7174,0.8059,""
"SM_FloodlightTower03","Prefab","Assets/ConstructionSite/Prefab/ConstructionSite/SM_FloodlightTower03.prefab","prefab","light","dependent","place_on_ground_or_support","bottom_centered",True,True,False,"place on ground",4,4,4,1,"M_FloodlightTower",True,1,False,0,False,False,0,"",2.1487,11.8591,2.8312,""
"SM_FloodlightTowerSpotlights","Prefab","Assets/ConstructionSite/Prefab/ConstructionSite/SM_FloodlightTowerSpotlights.prefab","prefab","light","dependent","place_on_ground_or_support","offset",True,True,False,"place on ground | pivot may need placement offset correction",4,4,4,1,"M_FloodlightTower",True,1,False,0,False,False,0,"",2.8418,1.3270,1.1592,""
"SM_Beam01","Prefab","Assets/ConstructionSite/Prefab/ConstructionSite/SM_Beam01.prefab","prefab","material","dependent","place_on_ground_or_support","bottom_centered",True,True,False,"place on ground | can be placed near anchor objects",4,4,4,1,"M_Beam01",True,1,False,0,False,False,0,"",6.6599,0.4817,0.4285,""
"SM_Beam02","Prefab","Assets/ConstructionSite/Prefab/ConstructionSite/SM_Beam02.prefab","prefab","material","dependent","place_on_ground_or_support","bottom_centered",True,True,False,"place on ground | can be placed near anchor objects",4,4,4,1,"M_Beam01",True,1,False,0,False,False,0,"",7.0193,1.3885,1.8778,""
"SM_Beam02Tarp","Prefab","Assets/ConstructionSite/Prefab/ConstructionSite/SM_Beam02Tarp.prefab","prefab","material","dependent","place_on_ground_or_support","bottom_centered",True,True,False,"place on ground | can be placed near anchor objects",4,4,4,1,"M_Tarp1",True,1,False,0,False,False,0,"",7.2449,1.3472,2.0297,""
"SM_Coilwire01","Prefab","Assets/ConstructionSite/Prefab/ConstructionSite/SM_Coilwire01.prefab","prefab","material","dependent","place_on_ground_or_support","bottom_centered",True,True,False,"place on ground | can be placed near anchor objects",4,4,4,1,"M_coilwire",True,1,False,0,False,False,0,"",0.8973,0.6125,0.9129,""
"SM_Coilwire02","Prefab","Assets/ConstructionSite/Prefab/ConstructionSite/SM_Coilwire02.prefab","prefab","material","dependent","place_on_ground_or_support","bottom_centered",True,True,False,"place on ground | can be placed near anchor objects",4,4,4,1,"M_coilwire",True,1,False,0,False,False,0,"",0.8973,0.6125,0.9131,""
"SM_ConcreteBeam01_1","Prefab","Assets/ConstructionSite/Prefab/ConstructionSite/SM_ConcreteBeam01_1.prefab","prefab","material","dependent","place_on_ground_or_support","bottom_centered",True,True,False,"place on ground | can be placed near anchor objects",4,4,4,2,"M_Concrete | M_Stock",True,1,False,0,False,False,0,"",4.0634,0.6363,0.3974,""
"SM_ConcreteBeam01_2","Prefab","Assets/ConstructionSite/Prefab/ConstructionSite/SM_ConcreteBeam01_2.prefab","prefab","material","dependent","place_on_ground_or_support","bottom_centered",True,True,False,"place on ground | can be placed near anchor objects",4,4,4,2,"M_Concrete | M_Stock",True,1,False,0,False,False,0,"",4.2106,0.6272,0.8631,""
"SM_ConcreteBeam01_3","Prefab","Assets/ConstructionSite/Prefab/ConstructionSite/SM_ConcreteBeam01_3.prefab","prefab","material","dependent","place_on_ground_or_support","bottom_centered",True,True,False,"place on ground | can be placed near anchor objects",4,4,4,2,"M_Concrete | M_Stock",True,1,False,0,False,False,0,"",4.2277,1.1316,1.2892,""
"SM_ConcreteBeam01_4","Prefab","Assets/ConstructionSite/Prefab/ConstructionSite/SM_ConcreteBeam01_4.prefab","prefab","material","dependent","place_on_ground_or_support","bottom_centered",True,True,False,"place on ground | can be placed near anchor objects",4,4,4,2,"M_Concrete | M_Stock",True,1,False,0,False,False,0,"",4.4863,1.6461,1.2977,""
"SM_ConcreteBeam01_4Tarp","Prefab","Assets/ConstructionSite/Prefab/ConstructionSite/SM_ConcreteBeam01_4Tarp.prefab","prefab","material","dependent","place_on_ground_or_support","bottom_centered",True,True,False,"place on ground | can be placed near anchor objects",4,4,4,1,"M_Tarp1",True,1,False,0,False,False,0,"",4.4838,1.6423,1.5010,""
"SM_ConcreteBeam02_1","Prefab","Assets/ConstructionSite/Prefab/ConstructionSite/SM_ConcreteBeam02_1.prefab","prefab","material","dependent","place_on_ground_or_support","bottom_centered",True,True,False,"place on ground | can be placed near anchor objects",4,4,4,2,"M_Concrete | M_Stock",True,1,False,0,False,False,0,"",4.0743,0.4858,0.6087,""
"SM_ConcreteBeam02_2","Prefab","Assets/ConstructionSite/Prefab/ConstructionSite/SM_ConcreteBeam02_2.prefab","prefab","material","dependent","place_on_ground_or_support","bottom_centered",True,True,False,"place on ground | can be placed near anchor objects",4,4,4,2,"M_Concrete | M_Stock",True,1,False,0,False,False,0,"",4.2095,0.8690,1.2524,""
"SM_ConcreteBeam02_3","Prefab","Assets/ConstructionSite/Prefab/ConstructionSite/SM_ConcreteBeam02_3.prefab","prefab","material","dependent","place_on_ground_or_support","bottom_centered",True,True,False,"place on ground | can be placed near anchor objects",4,4,4,2,"M_Concrete | M_Stock",True,1,False,0,False,False,0,"",4.2758,1.6253,1.2924,""
"SM_ConcreteBeam02_3Tarp","Prefab","Assets/ConstructionSite/Prefab/ConstructionSite/SM_ConcreteBeam02_3Tarp.prefab","prefab","material","dependent","place_on_ground_or_support","bottom_centered",True,True,False,"place on ground | can be placed near anchor objects",4,4,4,1,"M_Tarp1",True,1,False,0,False,False,0,"",4.6266,1.5716,1.5121,""
"SM_ConcreteBeam02_4","Prefab","Assets/ConstructionSite/Prefab/ConstructionSite/SM_ConcreteBeam02_4.prefab","prefab","material","dependent","place_on_ground_or_support","bottom_centered",True,True,False,"place on ground | can be placed near anchor objects",4,4,4,2,"M_Concrete | M_Stock",True,1,False,0,False,False,0,"",4.4126,1.6248,1.9299,""
"SM_ReinforcementBar01","Prefab","Assets/ConstructionSite/Prefab/ConstructionSite/SM_ReinforcementBar01.prefab","prefab","material","dependent","place_on_ground_or_support","bottom_centered",True,True,False,"place on ground | can be placed near anchor objects",3,3,3,1,"M_ReinforcementBar",True,1,False,0,False,False,0,"",5.0085,0.0540,0.0649,""
"SM_ReinforcementBar02","Prefab","Assets/ConstructionSite/Prefab/ConstructionSite/SM_ReinforcementBar02.prefab","prefab","material","dependent","place_on_ground_or_support","bottom_centered",True,True,False,"place on ground | can be placed near anchor objects",4,4,4,1,"M_ReinforcementBar",True,1,False,0,False,False,0,"",5.3815,0.2976,0.8334,""
"SM_ReinforcementBar03","Prefab","Assets/ConstructionSite/Prefab/ConstructionSite/SM_ReinforcementBar03.prefab","prefab","material","dependent","place_on_ground_or_support","bottom_centered",True,True,False,"place on ground | can be placed near anchor objects",4,4,4,1,"M_ReinforcementBar",True,1,False,0,False,False,0,"",5.3340,0.2721,0.8334,""
"SM_ReinforcementBar04","Prefab","Assets/ConstructionSite/Prefab/ConstructionSite/SM_ReinforcementBar04.prefab","prefab","material","dependent","place_on_ground_or_support","bottom_centered",True,True,False,"place on ground | can be placed near anchor objects",4,4,4,1,"M_ReinforcementBar",True,1,False,0,False,False,0,"",5.4742,0.2721,0.8334,""
"SM_StoragePipe01_1","Prefab","Assets/ConstructionSite/Prefab/ConstructionSite/SM_StoragePipe01_1.prefab","prefab","material","dependent","place_on_ground_or_support","bottom_centered",True,True,False,"place on ground | can be placed near anchor objects",3,3,3,1,"M_StoragePipe01",True,1,False,0,False,False,0,"",7.0069,0.1861,0.2040,""
"SM_StoragePipe01_2","Prefab","Assets/ConstructionSite/Prefab/ConstructionSite/SM_StoragePipe01_2.prefab","prefab","material","dependent","place_on_ground_or_support","bottom_centered",True,True,False,"place on ground | can be placed near anchor objects",4,4,4,1,"M_StoragePipe01",True,1,False,0,False,False,0,"",7.1385,0.9355,1.0256,""
"SM_StoragePipe02_1","Prefab","Assets/ConstructionSite/Prefab/ConstructionSite/SM_StoragePipe02_1.prefab","prefab","material","dependent","place_on_ground_or_support","bottom_centered",True,True,False,"place on ground | can be placed near anchor objects",4,4,4,1,"M_StoragePipe02_1",True,1,False,0,False,False,0,"",2.8685,0.2459,0.2698,""
"SM_StoragePipe02_2","Prefab","Assets/ConstructionSite/Prefab/ConstructionSite/SM_StoragePipe02_2.prefab","prefab","material","dependent","place_on_ground_or_support","bottom_centered",True,True,False,"place on ground | can be placed near anchor objects",4,4,4,1,"M_StoragePipe02_1",True,1,False,0,False,False,0,"",3.3895,0.8988,1.1845,""
"SM_StoragePipe02_3","Prefab","Assets/ConstructionSite/Prefab/ConstructionSite/SM_StoragePipe02_3.prefab","prefab","material","dependent","place_on_ground_or_support","bottom_centered",True,True,False,"place on ground | can be placed near anchor objects",4,4,4,1,"M_StoragePipe02_1",True,1,False,0,False,False,0,"",2.8752,1.3893,0.9650,""
"SM_StoragePipe02_4","Prefab","Assets/ConstructionSite/Prefab/ConstructionSite/SM_StoragePipe02_4.prefab","prefab","material","dependent","place_on_ground_or_support","bottom_centered",True,True,False,"place on ground | can be placed near anchor objects",4,4,4,1,"M_StoragePipe02_1",True,1,False,0,False,False,0,"",3.0277,0.8988,1.1902,""
"SM_StoragePipe02_5","Prefab","Assets/ConstructionSite/Prefab/ConstructionSite/SM_StoragePipe02_5.prefab","prefab","material","dependent","place_on_ground_or_support","bottom_centered",True,True,False,"place on ground | can be placed near anchor objects",4,4,4,1,"M_StoragePipe02_1",True,1,False,0,False,False,0,"",2.8752,1.3893,0.9713,""
"SM_StoragePipe02_6","Prefab","Assets/ConstructionSite/Prefab/ConstructionSite/SM_StoragePipe02_6.prefab","prefab","material","dependent","place_on_ground_or_support","bottom_centered",True,True,False,"place on ground | can be placed near anchor objects",4,4,4,1,"M_StoragePipe02_1",True,1,False,0,False,False,0,"",2.8828,0.8988,1.1892,""
"SM_StoragePipe02_7","Prefab","Assets/ConstructionSite/Prefab/ConstructionSite/SM_StoragePipe02_7.prefab","prefab","material","dependent","place_on_ground_or_support","bottom_centered",True,True,False,"place on ground | can be placed near anchor objects",4,4,4,1,"M_StoragePipe02_1",True,1,False,0,False,False,0,"",2.8772,1.3950,0.9713,""
"SM_StoragePipe03_1","Prefab","Assets/ConstructionSite/Prefab/ConstructionSite/SM_StoragePipe03_1.prefab","prefab","material","dependent","place_on_ground_or_support","bottom_centered",True,True,False,"place on ground | can be placed near anchor objects",3,3,3,1,"M_Pipe01",True,1,False,0,False,False,0,"",6.6144,0.5699,0.4918,""
"SM_StoragePipe03_2","Prefab","Assets/ConstructionSite/Prefab/ConstructionSite/SM_StoragePipe03_2.prefab","prefab","material","dependent","place_on_ground_or_support","bottom_centered",True,True,False,"place on ground | can be placed near anchor objects",4,4,4,2,"M_Pipe01 | M_StoragePipe03",True,1,False,0,False,False,0,"",7.0296,2.0269,2.6638,""
"SM_StoragePipe03_3","Prefab","Assets/ConstructionSite/Prefab/ConstructionSite/SM_StoragePipe03_3.prefab","prefab","material","dependent","place_on_ground_or_support","bottom_centered",True,True,False,"place on ground | can be placed near anchor objects",4,4,4,2,"M_Pipe01 | M_StoragePipe03",True,1,False,0,False,False,0,"",6.9513,2.0269,2.6638,""
"SM_StoragePipe03_3Tarp","Prefab","Assets/ConstructionSite/Prefab/ConstructionSite/SM_StoragePipe03_3Tarp.prefab","prefab","material","dependent","place_on_ground_or_support","bottom_centered",True,True,False,"place on ground | can be placed near anchor objects",4,4,4,1,"M_Tarp1",True,1,False,0,False,False,0,"",6.6477,1.0881,2.6887,""
"SM_StoragePipe03_4","Prefab","Assets/ConstructionSite/Prefab/ConstructionSite/SM_StoragePipe03_4.prefab","prefab","material","dependent","place_on_ground_or_support","bottom_centered",True,True,False,"place on ground | can be placed near anchor objects",4,4,4,1,"M_Pipe01",True,1,False,0,False,False,0,"",6.6228,0.7048,0.7171,""
"SM_StoragePipe03_5","Prefab","Assets/ConstructionSite/Prefab/ConstructionSite/SM_StoragePipe03_5.prefab","prefab","material","dependent","place_on_ground_or_support","bottom_centered",True,True,False,"place on ground | can be placed near anchor objects",4,4,4,2,"M_Pipe01 | M_StoragePipe03",True,1,False,0,False,False,0,"",6.6126,1.6237,1.7307,""
"SM_StoragePipe03_5Tarp","Prefab","Assets/ConstructionSite/Prefab/ConstructionSite/SM_StoragePipe03_5Tarp.prefab","prefab","material","dependent","place_on_ground_or_support","bottom_centered",True,True,False,"place on ground | can be placed near anchor objects",4,4,4,1,"M_Tarp1",True,1,False,0,False,False,0,"",6.8830,1.4196,1.7595,""
"SM_RoadClosure01","Prefab","Assets/ConstructionSite/Prefab/ConstructionSite/SM_RoadClosure01.prefab","prefab","road_prop","dependent","place_on_ground_or_support","bottom_centered",True,True,False,"place on ground",4,4,4,1,"M_RoadClosure",True,1,False,0,False,False,0,"",0.4001,1.1968,0.3465,""
"SM_RoadClosure02","Prefab","Assets/ConstructionSite/Prefab/ConstructionSite/SM_RoadClosure02.prefab","prefab","road_prop","dependent","place_on_ground_or_support","bottom_centered",True,True,False,"place on ground",4,4,4,1,"M_RoadClosure",True,1,False,0,False,False,0,"",0.8037,1.0540,0.9450,""
"SM_RoadClosure03","Prefab","Assets/ConstructionSite/Prefab/ConstructionSite/SM_RoadClosure03.prefab","prefab","road_prop","dependent","place_on_ground_or_support","bottom_centered",True,True,False,"place on ground",4,4,4,1,"M_RoadClosure",True,1,False,0,False,False,0,"",0.4814,1.4596,1.5875,""
"SM_MobileGenerator01","Prefab","Assets/ConstructionSite/Prefab/ConstructionSite/SM_MobileGenerator01.prefab","prefab","small_prop","dependent","place_on_ground_or_support","bottom_centered",True,True,False,"place on ground | can be placed near anchor objects",4,4,4,1,"M_MobileGenerator",True,1,False,0,False,False,0,"",1.2983,1.2378,3.0807,""
"SM_Biotoilet","Prefab","Assets/ConstructionSite/Prefab/ConstructionSite/SM_Biotoilet.prefab","prefab","toilet","dependent","place_on_ground_or_support","bottom_centered",True,True,False,"place on ground",4,4,4,1,"M_Biotoilet",True,1,False,0,False,False,0,"",1.1802,2.4793,1.2000,""
"SM_BiotoiletDoor","Prefab","Assets/ConstructionSite/Prefab/ConstructionSite/SM_BiotoiletDoor.prefab","prefab","toilet","dependent","place_on_ground_or_support","bottom_centered",True,True,False,"place on ground",4,4,4,1,"M_Biotoilet",True,1,False,0,False,False,0,"",0.7649,1.9562,0.1203,""
"SM_CablingWinches01","Prefab","Assets/ConstructionSite/Prefab/ConstructionSite/SM_CablingWinches01.prefab","prefab","unclassified","unknown","unknown","bottom_centered",False,True,False,"",4,4,4,1,"M_CablingWinches",True,1,False,0,False,False,0,"",2.0514,2.1940,3.1163,""
"SM_ConcreteWell01","Prefab","Assets/ConstructionSite/Prefab/ConstructionSite/SM_ConcreteWell01.prefab","prefab","unclassified","unknown","unknown","bottom_centered",False,True,False,"",4,4,4,1,"M_Concrete",True,1,False,0,False,False,0,"",1.7582,1.3068,1.7325,""
"SM_ConstructionLift01","Prefab","Assets/ConstructionSite/Prefab/ConstructionSite/SM_ConstructionLift01.prefab","prefab","unclassified","unknown","unknown","bottom_centered",False,True,False,"",4,4,4,3,"M_ConstructionLift | M_FenceNet | M_MetallGrid",True,1,False,0,False,False,0,"",3.0903,4.1301,6.4039,""
"SM_ConstructionLift02","Prefab","Assets/ConstructionSite/Prefab/ConstructionSite/SM_ConstructionLift02.prefab","prefab","unclassified","unknown","unknown","bottom_centered",False,True,False,"",3,3,3,2,"M_ConstructionLift | M_FenceNet",True,1,False,0,False,False,0,"",2.9868,4.1048,3.1321,""
"SM_ConstructionLift03","Prefab","Assets/ConstructionSite/Prefab/ConstructionSite/SM_ConstructionLift03.prefab","prefab","unclassified","unknown","unknown","bottom_centered",False,True,False,"",4,4,4,2,"M_ConstructionLift | M_FenceNet",True,1,False,0,False,False,0,"",2.9927,4.1074,3.1321,""
"SM_ConstructionLift04","Prefab","Assets/ConstructionSite/Prefab/ConstructionSite/SM_ConstructionLift04.prefab","prefab","unclassified","unknown","unknown","bottom_centered",False,True,False,"",4,4,4,2,"M_ConstructionLift | M_FenceNet",True,1,False,0,False,False,0,"",2.9868,4.1074,3.1321,""
"SM_ConstructionLift05","Prefab","Assets/ConstructionSite/Prefab/ConstructionSite/SM_ConstructionLift05.prefab","prefab","unclassified","unknown","unknown","bottom_centered",False,True,False,"",4,4,4,2,"M_ConstructionLift | M_FenceNet",True,1,False,0,False,False,0,"",2.9099,4.9108,2.7911,""
"SM_ConstructionLift06","Prefab","Assets/ConstructionSite/Prefab/ConstructionSite/SM_ConstructionLift06.prefab","prefab","unclassified","unknown","unknown","bottom_centered",False,True,False,"",4,4,4,3,"M_ConstructionLift | M_FenceNet | M_MetallGrid",True,1,False,0,False,False,0,"",2.2917,2.9375,2.2745,""
"SM_ConstructionLift07","Prefab","Assets/ConstructionSite/Prefab/ConstructionSite/SM_ConstructionLift07.prefab","prefab","unclassified","unknown","unknown","bottom_centered",False,True,False,"",4,4,4,2,"M_ConstructionLift | M_FenceNet",True,1,False,0,False,False,0,"",1.1175,2.5520,0.2204,""
"SM_ConstructionLift08","Prefab","Assets/ConstructionSite/Prefab/ConstructionSite/SM_ConstructionLift08.prefab","prefab","unclassified","unknown","unknown","bottom_centered",False,True,False,"",3,3,3,2,"M_ConstructionLift | M_MetallGrid",True,1,False,0,False,False,0,"",2.4184,0.6704,1.3120,""
"SM_ConstructionPit01","Prefab","Assets/ConstructionSite/Prefab/ConstructionSite/SM_ConstructionPit01.prefab","prefab","unclassified","unknown","unknown","bottom_centered",False,True,False,"",4,4,4,1,"M_ConstructionPit01",True,1,False,0,False,False,0,"",4.1236,4.1282,0.3951,""
"SM_ConstructionPit02","Prefab","Assets/ConstructionSite/Prefab/ConstructionSite/SM_ConstructionPit02.prefab","prefab","unclassified","unknown","unknown","bottom_centered",False,True,False,"",4,4,4,1,"M_ConstructionPit01",True,1,False,0,False,False,0,"",2.0437,4.0882,0.3688,""
"SM_ConstructionPit03","Prefab","Assets/ConstructionSite/Prefab/ConstructionSite/SM_ConstructionPit03.prefab","prefab","unclassified","unknown","unknown","bottom_centered",False,True,False,"",4,4,4,1,"M_ConstructionPit01",True,1,False,0,False,False,0,"",4.2290,4.3646,4.2785,""
"SM_ConstructionPit04","Prefab","Assets/ConstructionSite/Prefab/ConstructionSite/SM_ConstructionPit04.prefab","prefab","unclassified","unknown","unknown","bottom_centered",False,True,False,"",4,4,4,1,"M_ConstructionPit01",True,1,False,0,False,False,0,"",2.2408,4.4721,2.3099,""
"SM_ConstructionPit05","Prefab","Assets/ConstructionSite/Prefab/ConstructionSite/SM_ConstructionPit05.prefab","prefab","unclassified","unknown","unknown","offset",False,True,False,"pivot may need placement offset correction",4,4,4,1,"M_ConstructionPit01",True,1,False,0,False,False,0,"",4.2156,4.8753,4.3072,""
"SM_ConstructionPit06","Prefab","Assets/ConstructionSite/Prefab/ConstructionSite/SM_ConstructionPit06.prefab","prefab","unclassified","unknown","unknown","bottom_centered",False,True,False,"",4,4,4,1,"M_ConstructionPit01",True,1,False,0,False,False,0,"",2.1352,4.2212,2.1310,""
"SM_ConstructionPit07","Prefab","Assets/ConstructionSite/Prefab/ConstructionSite/SM_ConstructionPit07.prefab","prefab","unclassified","unknown","unknown","bottom_centered",False,True,False,"",3,3,3,1,"M_Ground",True,1,False,0,False,False,0,"",4.0000,0.0728,2.8313,""
"SM_ConstructionPit08","Prefab","Assets/ConstructionSite/Prefab/ConstructionSite/SM_ConstructionPit08.prefab","prefab","unclassified","unknown","unknown","bottom_centered",False,True,False,"",3,3,3,1,"M_Ground",True,1,False,0,False,False,0,"",2.0000,0.0690,2.8285,""
"SM_ConstructionPit09","Prefab","Assets/ConstructionSite/Prefab/ConstructionSite/SM_ConstructionPit09.prefab","prefab","unclassified","unknown","unknown","bottom_centered",False,True,False,"",3,3,3,1,"M_Ground",True,1,False,0,False,False,0,"",4.1537,0.0828,4.1524,""
"SM_ConstructionPit10","Prefab","Assets/ConstructionSite/Prefab/ConstructionSite/SM_ConstructionPit10.prefab","prefab","unclassified","unknown","unknown","bottom_centered",False,True,False,"",3,3,3,1,"M_Ground",True,1,False,0,False,False,0,"",2.1537,0.0718,2.1522,""
"SM_ConstructionPit11","Prefab","Assets/ConstructionSite/Prefab/ConstructionSite/SM_ConstructionPit11.prefab","prefab","unclassified","unknown","unknown","bottom_centered",False,True,False,"",3,3,3,1,"M_Ground",True,1,False,0,False,False,0,"",6.6797,0.0777,6.6797,""
"SM_ConstructionPit12","Prefab","Assets/ConstructionSite/Prefab/ConstructionSite/SM_ConstructionPit12.prefab","prefab","unclassified","unknown","unknown","bottom_centered",False,True,False,"",3,3,3,1,"M_Ground",True,1,False,0,False,False,0,"",4.6796,0.0714,4.6796,""
"SM_Extension","Prefab","Assets/ConstructionSite/Prefab/ConstructionSite/SM_Extension.prefab","prefab","unclassified","unknown","unknown","bottom_centered",False,True,False,"",4,4,4,1,"M_Extension",True,1,False,0,False,False,0,"",0.2546,0.2939,0.2235,""
"SM_Hose01","Prefab","Assets/ConstructionSite/Prefab/ConstructionSite/SM_Hose01.prefab","prefab","unclassified","unknown","unknown","bottom_centered",False,True,False,"",4,4,4,1,"M_Hose01",True,1,False,0,False,False,0,"",0.7942,0.2441,0.8161,""
"SM_Hose02","Prefab","Assets/ConstructionSite/Prefab/ConstructionSite/SM_Hose02.prefab","prefab","unclassified","unknown","unknown","bottom_centered",False,True,False,"",4,4,4,1,"M_Hose01",True,1,False,0,False,False,0,"",0.9922,0.4178,0.8063,""
"SM_Hose03","Prefab","Assets/ConstructionSite/Prefab/ConstructionSite/SM_Hose03.prefab","prefab","unclassified","unknown","unknown","bottom_centered",False,True,False,"",4,4,4,1,"M_Hose01",True,1,False,0,False,False,0,"",0.9882,0.1696,0.3014,""
"SM_Hose04","Prefab","Assets/ConstructionSite/Prefab/ConstructionSite/SM_Hose04.prefab","prefab","unclassified","unknown","unknown","bottom_centered",False,True,False,"",4,4,4,1,"M_Hose01",True,1,False,0,False,False,0,"",1.1452,0.1512,1.0121,""
"SM_Log01","Prefab","Assets/ConstructionSite/Prefab/ConstructionSite/SM_Log01.prefab","prefab","unclassified","unknown","unknown","bottom_centered",False,True,False,"",2,2,2,1,"M_Log",True,1,False,0,False,False,0,"",0.3417,0.3532,5.8633,""
"SM_Log02","Prefab","Assets/ConstructionSite/Prefab/ConstructionSite/SM_Log02.prefab","prefab","unclassified","unknown","unknown","bottom_centered",False,True,False,"",2,2,2,1,"M_Log",True,1,False,0,False,False,0,"",1.0849,1.4263,6.1853,""
"SM_Log02Tarp","Prefab","Assets/ConstructionSite/Prefab/ConstructionSite/SM_Log02Tarp.prefab","prefab","unclassified","unknown","unknown","bottom_centered",False,True,False,"",4,4,4,1,"M_Tarp1",True,1,False,0,False,False,0,"",1.5019,1.4678,6.5331,""
"SM_PlankWood01","Prefab","Assets/ConstructionSite/Prefab/ConstructionSite/SM_PlankWood01.prefab","prefab","unclassified","unknown","unknown","offset",False,True,False,"pivot may need placement offset correction",3,3,3,1,"M_PlankWood",True,1,False,0,False,False,0,"",0.2498,0.0784,2.6459,""
"SM_PlankWood02","Prefab","Assets/ConstructionSite/Prefab/ConstructionSite/SM_PlankWood02.prefab","prefab","unclassified","unknown","unknown","bottom_centered",False,True,False,"",3,3,3,1,"M_PlankWood",True,1,False,0,False,False,0,"",0.2727,0.9266,2.7077,""
"SM_PlankWood03","Prefab","Assets/ConstructionSite/Prefab/ConstructionSite/SM_PlankWood03.prefab","prefab","unclassified","unknown","unknown","bottom_centered",False,True,False,"",3,3,3,1,"M_PlankWood",True,1,False,0,False,False,0,"",0.5624,0.9437,2.7037,""
"SM_PlankWood04","Prefab","Assets/ConstructionSite/Prefab/ConstructionSite/SM_PlankWood04.prefab","prefab","unclassified","unknown","unknown","bottom_centered",False,True,False,"",3,3,3,1,"M_PlankWood",True,1,False,0,False,False,0,"",0.8091,0.9829,2.8329,""
"SM_PlankWood05","Prefab","Assets/ConstructionSite/Prefab/ConstructionSite/SM_PlankWood05.prefab","prefab","unclassified","unknown","unknown","bottom_centered",False,True,False,"",3,3,3,1,"M_PlankWood",True,1,False,0,False,False,0,"",0.9743,0.6389,2.8395,""
"SM_PlankWood06","Prefab","Assets/ConstructionSite/Prefab/ConstructionSite/SM_PlankWood06.prefab","prefab","unclassified","unknown","unknown","bottom_centered",False,True,False,"",3,3,3,1,"M_PlankWood",True,1,False,0,False,False,0,"",0.1588,0.1755,5.8905,""
"SM_PlankWood07","Prefab","Assets/ConstructionSite/Prefab/ConstructionSite/SM_PlankWood07.prefab","prefab","unclassified","unknown","unknown","bottom_centered",False,True,False,"",3,3,3,1,"M_PlankWood",True,1,False,0,False,False,0,"",0.3428,0.3402,5.9574,""
"SM_PlankWood08","Prefab","Assets/ConstructionSite/Prefab/ConstructionSite/SM_PlankWood08.prefab","prefab","unclassified","unknown","unknown","bottom_centered",False,True,False,"",3,3,3,1,"M_PlankWood",True,1,False,0,False,False,0,"",0.6055,0.3402,5.9934,""
"SM_Plywood01","Prefab","Assets/ConstructionSite/Prefab/ConstructionSite/SM_Plywood01.prefab","prefab","unclassified","unknown","unknown","bottom_centered",False,True,False,"",1,1,1,1,"M_Plywood01",True,1,False,0,False,False,0,"",1.1751,0.0239,4.3032,""
"SM_Plywood02","Prefab","Assets/ConstructionSite/Prefab/ConstructionSite/SM_Plywood02.prefab","prefab","unclassified","unknown","unknown","bottom_centered",False,True,False,"",1,1,1,1,"M_Plywood01",True,1,False,0,False,False,0,"",1.6821,0.0239,5.6088,""
"SM_Plywood03","Prefab","Assets/ConstructionSite/Prefab/ConstructionSite/SM_Plywood03.prefab","prefab","unclassified","unknown","unknown","bottom_centered",False,True,False,"",1,1,1,1,"M_Plywood01",True,1,False,0,False,False,0,"",1.6140,0.5384,4.4131,""
"SM_Plywood04","Prefab","Assets/ConstructionSite/Prefab/ConstructionSite/SM_Plywood04.prefab","prefab","unclassified","unknown","unknown","bottom_centered",False,True,False,"",1,1,1,1,"M_Plywood01",True,1,False,0,False,False,0,"",1.2941,1.0039,4.3583,""
"SM_Plywood04Tarp","Prefab","Assets/ConstructionSite/Prefab/ConstructionSite/SM_Plywood04Tarp.prefab","prefab","unclassified","unknown","unknown","bottom_centered",False,True,False,"",4,4,4,1,"M_Tarp1",True,1,False,0,False,False,0,"",1.5140,1.0282,4.7773,""
"SM_Plywood05","Prefab","Assets/ConstructionSite/Prefab/ConstructionSite/SM_Plywood05.prefab","prefab","unclassified","unknown","unknown","bottom_centered",False,True,False,"",1,1,1,1,"M_Plywood01",True,1,False,0,False,False,0,"",2.3834,0.0239,4.3032,""
"SM_Stock01_1","Prefab","Assets/ConstructionSite/Prefab/ConstructionSite/SM_Stock01_1.prefab","prefab","unclassified","unknown","unknown","bottom_centered",False,True,False,"",3,3,3,1,"M_Stock",True,1,False,0,False,False,0,"",3.8150,1.9666,1.5350,""
"SM_Stock01_2","Prefab","Assets/ConstructionSite/Prefab/ConstructionSite/SM_Stock01_2.prefab","prefab","unclassified","unknown","unknown","bottom_centered",False,True,False,"",3,3,3,1,"M_Stock",True,1,False,0,False,False,0,"",3.8197,1.9483,1.9901,""
"SM_WasteChute01","Prefab","Assets/ConstructionSite/Prefab/ConstructionSite/SM_WasteChute01.prefab","prefab","unclassified","unknown","unknown","offset",False,True,False,"pivot may need placement offset correction",4,4,4,1,"M_WasteChute",True,1,False,0,False,False,0,"",0.7948,1.8801,0.8217,""
"SM_WasteChute02","Prefab","Assets/ConstructionSite/Prefab/ConstructionSite/SM_WasteChute02.prefab","prefab","unclassified","unknown","unknown","offset",False,True,False,"pivot may need placement offset correction",4,4,4,1,"M_WasteChute",True,1,False,0,False,False,0,"",0.5790,1.2069,0.5073,""
"SM_WasteChute03","Prefab","Assets/ConstructionSite/Prefab/ConstructionSite/SM_WasteChute03.prefab","prefab","unclassified","unknown","unknown","offset",False,True,False,"pivot may need placement offset correction",4,4,4,1,"M_WasteChute",True,1,False,0,False,False,0,"",0.5645,1.2162,0.5073,""
"SM_WheelBarrow01","Prefab","Assets/ConstructionSite/Prefab/ConstructionSite/SM_WheelBarrow01.prefab","prefab","unclassified","unknown","unknown","bottom_centered",False,True,False,"",4,4,4,1,"M_WheelBarrow01",True,1,False,0,False,False,0,"",0.5641,0.6210,1.4111,""
"SM_ConcreteMixer01","Prefab","Assets/ConstructionSite/Prefab/ConstructionSite/SM_ConcreteMixer01.prefab","prefab","vehicle_equipment","major_anchor","heavy_grounded","bottom_centered",True,True,False,"place on ground",4,4,4,1,"M_ConcreteMixer01",True,1,False,0,False,False,0,"",0.6597,1.3343,1.9390,""
"SM_RoadBlock01","Prefab","Assets/ConstructionSite/Prefab/ConstructionSite/Props/SM_RoadBlock01.prefab","props","barrier","boundary_anchor","edge_grounded","bottom_centered",True,True,False,"place on ground",4,4,4,1,"M_RoadBlock",True,1,False,0,False,False,0,"",0.5422,0.8628,1.6939,""
"SM_RoadBlock01","Model","Assets/ConstructionSite/Meshes/ConstructionSite/Props/SM_RoadBlock01.FBX","props","barrier","boundary_anchor","edge_grounded","bottom_centered",True,True,False,"place on ground",5,5,5,1,"Lit",False,0,False,0,False,False,0,"",0.5422,0.8628,1.7047,""
"SM_Floodlight","Prefab","Assets/ConstructionSite/Prefab/ConstructionSite/Props/SM_Floodlight.prefab","props","light","dependent","place_on_ground_or_support","centered",True,True,False,"place on ground | pivot may need placement offset correction",4,4,4,1,"M_Floodlight",True,1,False,0,False,False,0,"",0.5989,0.1733,0.1778,""
"SM_Floodlight","Model","Assets/ConstructionSite/Meshes/ConstructionSite/Props/SM_Floodlight.FBX","props","light","dependent","place_on_ground_or_support","centered",True,True,False,"place on ground | pivot may need placement offset correction",5,5,5,1,"Lit",False,0,False,0,False,False,0,"",0.6029,0.1757,0.1783,""
"SM_FloodlightStand","Prefab","Assets/ConstructionSite/Prefab/ConstructionSite/Props/SM_FloodlightStand.prefab","props","light","dependent","place_on_ground_or_support","bottom_centered",True,True,False,"place on ground",4,4,4,1,"M_Floodlight",True,1,False,0,False,False,0,"",0.7064,1.4859,0.6150,""
"SM_FloodlightStand","Model","Assets/ConstructionSite/Meshes/ConstructionSite/Props/SM_FloodlightStand.FBX","props","light","dependent","place_on_ground_or_support","bottom_centered",True,True,False,"place on ground",5,5,5,1,"Lit",False,0,False,0,False,False,0,"",0.7069,1.4873,0.6164,""
"SM_TrafficCone","Prefab","Assets/ConstructionSite/Prefab/ConstructionSite/Props/SM_TrafficCone.prefab","props","road_prop","dependent","place_on_ground_or_support","bottom_centered",True,True,False,"place on ground",3,3,3,1,"M_TrafficCone",True,1,False,0,False,False,0,"",0.2801,0.5015,0.2801,""
"SM_TrafficCone","Model","Assets/ConstructionSite/Meshes/ConstructionSite/Props/SM_TrafficCone.FBX","props","road_prop","dependent","place_on_ground_or_support","bottom_centered",True,True,False,"place on ground",4,4,4,1,"Lit",False,0,False,0,False,False,0,"",0.2801,0.5036,0.2801,""
"SM_Ladder","Prefab","Assets/ConstructionSite/Prefab/ConstructionSite/Props/SM_Ladder.prefab","props","small_prop","dependent","place_on_ground_or_support","bottom_centered",True,True,False,"place on ground | can be placed near anchor objects",4,4,4,1,"M_Ladder",True,1,False,0,False,False,0,"",0.6748,1.7229,1.2334,""
"SM_Ladder","Model","Assets/ConstructionSite/Meshes/ConstructionSite/Props/SM_Ladder.FBX","props","small_prop","dependent","place_on_ground_or_support","bottom_centered",True,True,False,"place on ground | can be placed near anchor objects",5,5,5,1,"Lit",False,0,False,0,False,False,0,"",0.6748,1.7282,1.2394,""
"SM_ToolBox","Prefab","Assets/ConstructionSite/Prefab/ConstructionSite/Props/SM_ToolBox.prefab","props","small_prop","dependent","place_on_ground_or_support","bottom_centered",True,True,False,"place on ground | can be placed near anchor objects",4,4,4,1,"M_Tool",True,1,False,0,False,False,0,"",0.7284,0.3437,0.2590,""
"SM_ToolBox","Model","Assets/ConstructionSite/Meshes/ConstructionSite/Props/SM_ToolBox.FBX","props","small_prop","dependent","place_on_ground_or_support","bottom_centered",True,True,False,"place on ground | can be placed near anchor objects",5,5,5,1,"Lit",False,0,False,0,False,False,0,"",0.7284,0.3452,0.2616,""
"SM_Brush","Prefab","Assets/ConstructionSite/Prefab/ConstructionSite/Props/SM_Brush.prefab","props","unclassified","unknown","unknown","bottom_centered",False,True,False,"",4,4,4,1,"M_PaintCan",True,1,False,0,False,False,0,"",0.1260,0.0290,0.3939,""
"SM_Brush","Model","Assets/ConstructionSite/Meshes/ConstructionSite/Props/SM_Brush.FBX","props","unclassified","unknown","unknown","bottom_centered",False,True,False,"",5,5,5,1,"Lit",False,0,False,0,False,False,0,"",0.1260,0.0297,0.3949,""
"SM_PaintCan01","Prefab","Assets/ConstructionSite/Prefab/ConstructionSite/Props/SM_PaintCan01.prefab","props","unclassified","unknown","unknown","bottom_centered",False,True,False,"",4,4,4,1,"M_PaintCan",True,1,False,0,False,False,0,"",0.2358,0.2855,0.2332,""
"SM_PaintCan01","Model","Assets/ConstructionSite/Meshes/ConstructionSite/Props/SM_PaintCan01.FBX","props","unclassified","unknown","unknown","bottom_centered",False,True,False,"",5,5,5,1,"Lit",False,0,False,0,False,False,0,"",0.2358,0.2855,0.2332,""
"SM_Tool01","Prefab","Assets/ConstructionSite/Prefab/ConstructionSite/Props/SM_Tool01.prefab","props","unclassified","unknown","unknown","centered",False,True,False,"pivot may need placement offset correction",4,4,4,1,"M_Tool",True,1,False,0,False,False,0,"",0.2925,0.0215,0.0632,""
"SM_Tool01","Model","Assets/ConstructionSite/Meshes/ConstructionSite/Props/SM_Tool01.FBX","props","unclassified","unknown","unknown","centered",False,True,False,"pivot may need placement offset correction",5,5,5,1,"Lit",False,0,False,0,False,False,0,"",0.2930,0.0215,0.0632,""
"SM_Tool02","Prefab","Assets/ConstructionSite/Prefab/ConstructionSite/Props/SM_Tool02.prefab","props","unclassified","unknown","unknown","centered",False,True,False,"pivot may need placement offset correction",4,4,4,1,"M_Tool",True,1,False,0,False,False,0,"",0.3572,0.0464,0.1377,""
"SM_Tool02","Model","Assets/ConstructionSite/Meshes/ConstructionSite/Props/SM_Tool02.FBX","props","unclassified","unknown","unknown","centered",False,True,False,"pivot may need placement offset correction",5,5,5,1,"Lit",False,0,False,0,False,False,0,"",0.3572,0.0464,0.1377,""
"SM_Tool03","Prefab","Assets/ConstructionSite/Prefab/ConstructionSite/Props/SM_Tool03.prefab","props","unclassified","unknown","unknown","centered",False,True,False,"pivot may need placement offset correction",4,4,4,1,"M_Tool",True,1,False,0,False,False,0,"",0.3194,0.0397,0.0399,""
"SM_Tool03","Model","Assets/ConstructionSite/Meshes/ConstructionSite/Props/SM_Tool03.FBX","props","unclassified","unknown","unknown","centered",False,True,False,"pivot may need placement offset correction",5,5,5,1,"Lit",False,0,False,0,False,False,0,"",0.3194,0.0397,0.0399,""
"SM_Tool04","Prefab","Assets/ConstructionSite/Prefab/ConstructionSite/Props/SM_Tool04.prefab","props","unclassified","unknown","unknown","centered",False,True,False,"pivot may need placement offset correction",4,4,4,1,"M_Tool",True,1,False,0,False,False,0,"",0.2442,0.0263,0.0769,""
"SM_Tool04","Model","Assets/ConstructionSite/Meshes/ConstructionSite/Props/SM_Tool04.FBX","props","unclassified","unknown","unknown","centered",False,True,False,"pivot may need placement offset correction",5,5,5,1,"Lit",False,0,False,0,False,False,0,"",0.2442,0.0276,0.0769,""
"SM_Worknench","Prefab","Assets/ConstructionSite/Prefab/ConstructionSite/Props/SM_Worknench.prefab","props","unclassified","unknown","unknown","bottom_centered",False,True,False,"",4,4,4,1,"M_Pallet01",True,1,False,0,False,False,0,"",1.7942,1.0164,0.9921,""
"SM_Worknench","Model","Assets/ConstructionSite/Meshes/ConstructionSite/Props/SM_Worknench.FBX","props","unclassified","unknown","unknown","bottom_centered",False,True,False,"",5,5,5,1,"Lit",False,0,False,0,False,False,0,"",1.7942,1.0186,0.9921,""
"SM_Scaffolding01","Prefab","Assets/ConstructionSite/Prefab/Building/Scaffolding/SM_Scaffolding01.prefab","scaffolding","scaffold","support_or_anchor","structural_support","bottom_centered",True,True,False,"place on ground",3,3,3,1,"M_Scaffolding",True,1,False,0,False,False,0,"",0.2007,2.5580,0.2007,""
"SM_Scaffolding01","Model","Assets/ConstructionSite/Meshes/Building/Scaffolding/SM_Scaffolding01.FBX","scaffolding","scaffold","support_or_anchor","structural_support","bottom_centered",True,True,False,"place on ground",4,4,4,1,"Lit",False,0,False,0,False,False,0,"",0.2007,2.5580,0.2007,""
"SM_Scaffolding02","Prefab","Assets/ConstructionSite/Prefab/Building/Scaffolding/SM_Scaffolding02.prefab","scaffolding","scaffold","support_or_anchor","structural_support","bottom_centered",True,True,False,"place on ground",4,4,4,1,"M_Scaffolding",True,1,False,0,False,False,0,"",0.2031,2.6054,2.4655,""
"SM_Scaffolding02","Model","Assets/ConstructionSite/Meshes/Building/Scaffolding/SM_Scaffolding02.FBX","scaffolding","scaffold","support_or_anchor","structural_support","bottom_centered",True,True,False,"place on ground",5,5,5,1,"Lit",False,0,False,0,False,False,0,"",0.2031,2.6085,2.4773,""
"SM_Scaffolding03","Prefab","Assets/ConstructionSite/Prefab/Building/Scaffolding/SM_Scaffolding03.prefab","scaffolding","scaffold","support_or_anchor","structural_support","bottom_centered",True,True,False,"place on ground",3,3,3,1,"M_Scaffolding",True,1,False,0,False,False,0,"",1.4118,0.1727,0.1931,""
"SM_Scaffolding03","Model","Assets/ConstructionSite/Meshes/Building/Scaffolding/SM_Scaffolding03.FBX","scaffolding","scaffold","support_or_anchor","structural_support","bottom_centered",True,True,False,"place on ground",4,4,4,1,"Lit",False,0,False,0,False,False,0,"",1.4118,0.1762,0.1931,""
"SM_Scaffolding04","Prefab","Assets/ConstructionSite/Prefab/Building/Scaffolding/SM_Scaffolding04.prefab","scaffolding","scaffold","support_or_anchor","structural_support","bottom_centered",True,True,False,"place on ground",3,3,3,2,"M_GreenGrid | M_Scaffolding",True,1,False,0,False,False,0,"",0.0201,2.2833,2.3241,""
"SM_Scaffolding04","Model","Assets/ConstructionSite/Meshes/Building/Scaffolding/SM_Scaffolding04.FBX","scaffolding","scaffold","support_or_anchor","structural_support","bottom_centered",True,True,False,"place on ground",4,4,4,1,"Lit",False,0,False,0,False,False,0,"",0.0253,2.2984,2.3367,""
"SM_Scaffolding05","Prefab","Assets/ConstructionSite/Prefab/Building/Scaffolding/SM_Scaffolding05.prefab","scaffolding","scaffold","support_or_anchor","structural_support","bottom_centered",True,True,False,"place on ground",4,4,4,1,"M_Scaffolding",True,1,False,0,False,False,0,"",0.9050,2.5320,0.9679,""
"SM_Scaffolding05","Model","Assets/ConstructionSite/Meshes/Building/Scaffolding/SM_Scaffolding05.FBX","scaffolding","scaffold","support_or_anchor","structural_support","bottom_centered",True,True,False,"place on ground",5,5,5,1,"Lit",False,0,False,0,False,False,0,"",0.9057,2.5355,0.9719,""
"SM_Scaffolding06","Prefab","Assets/ConstructionSite/Prefab/Building/Scaffolding/SM_Scaffolding06.prefab","scaffolding","scaffold","support_or_anchor","structural_support","bottom_centered",True,True,False,"place on ground",3,3,3,1,"M_Scaffolding",True,1,False,0,False,False,0,"",0.3238,0.3053,0.3238,""
"SM_Scaffolding06","Model","Assets/ConstructionSite/Meshes/Building/Scaffolding/SM_Scaffolding06.FBX","scaffolding","scaffold","support_or_anchor","structural_support","bottom_centered",True,True,False,"place on ground",4,4,4,1,"Lit",False,0,False,0,False,False,0,"",0.3289,0.3053,0.3289,""
"SM_Scaffolding07","Prefab","Assets/ConstructionSite/Prefab/Building/Scaffolding/SM_Scaffolding07.prefab","scaffolding","scaffold","support_or_anchor","structural_support","bottom_centered",True,True,False,"place on ground",3,3,3,1,"M_Scaffolding",True,1,False,0,False,False,0,"",1.4277,0.1134,2.7647,""
"SM_Scaffolding07","Model","Assets/ConstructionSite/Meshes/Building/Scaffolding/SM_Scaffolding07.FBX","scaffolding","scaffold","support_or_anchor","structural_support","bottom_centered",True,True,False,"place on ground",4,4,4,1,"Lit",False,0,False,0,False,False,0,"",1.4277,0.1140,2.7647,""
"SM_Scaffolding08","Prefab","Assets/ConstructionSite/Prefab/Building/Scaffolding/SM_Scaffolding08.prefab","scaffolding","scaffold","support_or_anchor","structural_support","bottom_centered",True,True,False,"place on ground",3,3,3,1,"M_Scaffolding",True,1,False,0,False,False,0,"",0.2027,4.0581,0.2025,""
"SM_Scaffolding08","Model","Assets/ConstructionSite/Meshes/Building/Scaffolding/SM_Scaffolding08.FBX","scaffolding","scaffold","support_or_anchor","structural_support","bottom_centered",True,True,False,"place on ground",4,4,4,1,"Lit",False,0,False,0,False,False,0,"",0.2027,4.0589,0.2025,""
"SM_Scaffolding09","Prefab","Assets/ConstructionSite/Prefab/Building/Scaffolding/SM_Scaffolding09.prefab","scaffolding","scaffold","support_or_anchor","structural_support","bottom_centered",True,True,False,"place on ground",4,4,4,1,"M_Scaffolding",True,1,False,0,False,False,0,"",0.1960,4.1058,3.9655,""
"SM_Scaffolding09","Model","Assets/ConstructionSite/Meshes/Building/Scaffolding/SM_Scaffolding09.FBX","scaffolding","scaffold","support_or_anchor","structural_support","bottom_centered",True,True,False,"place on ground",5,5,5,1,"Lit",False,0,False,0,False,False,0,"",0.2033,4.1112,3.9805,""
"SM_Scaffolding10","Prefab","Assets/ConstructionSite/Prefab/Building/Scaffolding/SM_Scaffolding10.prefab","scaffolding","scaffold","support_or_anchor","structural_support","bottom_centered",True,True,False,"place on ground",3,3,3,1,"M_Scaffolding",True,1,False,0,False,False,0,"",1.4111,0.1726,0.1954,""
"SM_Scaffolding10","Model","Assets/ConstructionSite/Meshes/Building/Scaffolding/SM_Scaffolding10.FBX","scaffolding","scaffold","support_or_anchor","structural_support","bottom_centered",True,True,False,"place on ground",4,4,4,1,"Lit",False,0,False,0,False,False,0,"",1.4111,0.1761,0.1954,""
"SM_Scaffolding11","Prefab","Assets/ConstructionSite/Prefab/Building/Scaffolding/SM_Scaffolding11.prefab","scaffolding","scaffold","support_or_anchor","structural_support","bottom_centered",True,True,False,"place on ground",3,3,3,2,"M_GreenGrid | M_Scaffolding",True,1,False,0,False,False,0,"",0.0234,3.7648,3.7417,""
"SM_Scaffolding11","Model","Assets/ConstructionSite/Meshes/Building/Scaffolding/SM_Scaffolding11.FBX","scaffolding","scaffold","support_or_anchor","structural_support","bottom_centered",True,True,False,"place on ground",4,4,4,1,"Lit",False,0,False,0,False,False,0,"",0.0411,3.7854,3.7648,""
"SM_Scaffolding12","Prefab","Assets/ConstructionSite/Prefab/Building/Scaffolding/SM_Scaffolding12.prefab","scaffolding","scaffold","support_or_anchor","structural_support","bottom_centered",True,True,False,"place on ground",4,4,4,1,"M_Scaffolding",True,1,False,0,False,False,0,"",0.9034,4.0396,1.5145,""
"SM_Scaffolding12","Model","Assets/ConstructionSite/Meshes/Building/Scaffolding/SM_Scaffolding12.FBX","scaffolding","scaffold","support_or_anchor","structural_support","bottom_centered",True,True,False,"place on ground",5,5,5,1,"Lit",False,0,False,0,False,False,0,"",0.9084,4.0456,1.5202,""
"SM_Scaffolding13","Prefab","Assets/ConstructionSite/Prefab/Building/Scaffolding/SM_Scaffolding13.prefab","scaffolding","scaffold","support_or_anchor","structural_support","bottom_centered",True,True,False,"place on ground",3,3,3,1,"M_Scaffolding",True,1,False,0,False,False,0,"",1.4286,0.1115,4.2778,""
"SM_Scaffolding13","Model","Assets/ConstructionSite/Meshes/Building/Scaffolding/SM_Scaffolding13.FBX","scaffolding","scaffold","support_or_anchor","structural_support","bottom_centered",True,True,False,"place on ground",4,4,4,1,"Lit",False,0,False,0,False,False,0,"",1.4286,0.1126,4.2778,""
"SM_Scaffolding14","Prefab","Assets/ConstructionSite/Prefab/Building/Scaffolding/SM_Scaffolding14.prefab","scaffolding","scaffold","support_or_anchor","structural_support","bottom_centered",True,True,False,"place on ground",4,4,4,1,"M_Scaffolding",True,1,False,0,False,False,0,"",0.9034,1.4994,0.5982,""
"SM_Scaffolding14","Model","Assets/ConstructionSite/Meshes/Building/Scaffolding/SM_Scaffolding14.FBX","scaffolding","scaffold","support_or_anchor","structural_support","bottom_centered",True,True,False,"place on ground",5,5,5,1,"Lit",False,0,False,0,False,False,0,"",0.9034,1.4994,0.5982,""
"SM_Scaffolding15","Prefab","Assets/ConstructionSite/Prefab/Building/Scaffolding/SM_Scaffolding15.prefab","scaffolding","scaffold","support_or_anchor","structural_support","bottom_centered",True,True,False,"place on ground",4,4,4,2,"M_GreenGrid | M_Scaffolding",True,1,False,0,False,False,0,"",0.2606,2.3153,2.4476,""
"SM_Scaffolding15","Model","Assets/ConstructionSite/Meshes/Building/Scaffolding/SM_Scaffolding15.FBX","scaffolding","scaffold","support_or_anchor","structural_support","bottom_centered",True,True,False,"place on ground",5,5,5,1,"Lit",False,0,False,0,False,False,0,"",0.2606,2.3153,2.4531,""
"SM_Scaffolding16","Prefab","Assets/ConstructionSite/Prefab/Building/Scaffolding/SM_Scaffolding16.prefab","scaffolding","scaffold","support_or_anchor","structural_support","bottom_centered",True,True,False,"place on ground",4,4,4,2,"M_GreenGrid | M_Scaffolding",True,1,False,0,False,False,0,"",0.3408,1.9495,2.4476,""
"SM_Scaffolding16","Model","Assets/ConstructionSite/Meshes/Building/Scaffolding/SM_Scaffolding16.FBX","scaffolding","scaffold","support_or_anchor","structural_support","bottom_centered",True,True,False,"place on ground",5,5,5,1,"Lit",False,0,False,0,False,False,0,"",0.3445,1.9495,2.4527,""
"SM_Scaffolding17","Prefab","Assets/ConstructionSite/Prefab/Building/Scaffolding/SM_Scaffolding17.prefab","scaffolding","scaffold","support_or_anchor","structural_support","bottom_centered",True,True,False,"place on ground",4,4,4,2,"M_GreenGrid | M_Scaffolding",True,1,False,0,False,False,0,"",0.1650,1.2187,2.4478,""
"SM_Scaffolding17","Model","Assets/ConstructionSite/Meshes/Building/Scaffolding/SM_Scaffolding17.FBX","scaffolding","scaffold","support_or_anchor","structural_support","bottom_centered",True,True,False,"place on ground",5,5,5,1,"Lit",False,0,False,0,False,False,0,"",0.1650,1.2219,2.4517,""
"SM_Scaffolding18","Prefab","Assets/ConstructionSite/Prefab/Building/Scaffolding/SM_Scaffolding18.prefab","scaffolding","scaffold","support_or_anchor","structural_support","bottom_centered",True,True,False,"place on ground",4,4,4,2,"M_GreenGrid | M_Scaffolding",True,1,False,0,False,False,0,"",1.7008,2.5768,2.7008,""
"SM_Scaffolding18","Model","Assets/ConstructionSite/Meshes/Building/Scaffolding/SM_Scaffolding18.FBX","scaffolding","scaffold","support_or_anchor","structural_support","bottom_centered",True,True,False,"place on ground",5,5,5,1,"Lit",False,0,False,0,False,False,0,"",1.7467,2.5988,2.7008,""
"SM_Scaffolding19","Prefab","Assets/ConstructionSite/Prefab/Building/Scaffolding/SM_Scaffolding19.prefab","scaffolding","scaffold","support_or_anchor","structural_support","bottom_centered",True,True,False,"place on ground",4,4,4,2,"M_GreenGrid | M_Scaffolding",True,1,False,0,False,False,0,"",1.7008,2.5711,1.7013,""
"SM_Scaffolding19","Model","Assets/ConstructionSite/Meshes/Building/Scaffolding/SM_Scaffolding19.FBX","scaffolding","scaffold","support_or_anchor","structural_support","bottom_centered",True,True,False,"place on ground",5,5,5,1,"Lit",False,0,False,0,False,False,0,"",1.7127,2.5997,1.7132,""
"SM_Scaffolding20","Prefab","Assets/ConstructionSite/Prefab/Building/Scaffolding/SM_Scaffolding20.prefab","scaffolding","scaffold","support_or_anchor","structural_support","bottom_centered",True,True,False,"place on ground",4,4,4,2,"M_GreenGrid | M_Scaffolding",True,1,False,0,False,False,0,"",1.6883,4.0806,4.1884,""
"SM_Scaffolding20","Model","Assets/ConstructionSite/Meshes/Building/Scaffolding/SM_Scaffolding20.FBX","scaffolding","scaffold","support_or_anchor","structural_support","bottom_centered",True,True,False,"place on ground",5,5,5,1,"Lit",False,0,False,0,False,False,0,"",1.7268,4.1177,4.2505,""
"SM_Scaffolding21","Prefab","Assets/ConstructionSite/Prefab/Building/Scaffolding/SM_Scaffolding21.prefab","scaffolding","scaffold","support_or_anchor","structural_support","bottom_centered",True,True,False,"place on ground",4,4,4,2,"M_GreenGrid | M_Scaffolding",True,1,False,0,False,False,0,"",1.7001,4.0739,1.7018,""
"SM_Scaffolding21","Model","Assets/ConstructionSite/Meshes/Building/Scaffolding/SM_Scaffolding21.FBX","scaffolding","scaffold","support_or_anchor","structural_support","bottom_centered",True,True,False,"place on ground",5,5,5,1,"Lit",False,0,False,0,False,False,0,"",1.7237,4.0861,1.7237,""
"SM_Scaffolding22","Prefab","Assets/ConstructionSite/Prefab/Building/Scaffolding/SM_Scaffolding22.prefab","scaffolding","scaffold","support_or_anchor","structural_support","bottom_centered",True,True,False,"place on ground",4,4,4,1,"M_Scaffolding",True,1,False,0,False,False,0,"",1.7008,2.6182,2.7051,""
"SM_Scaffolding22","Model","Assets/ConstructionSite/Meshes/Building/Scaffolding/SM_Scaffolding22.FBX","scaffolding","scaffold","support_or_anchor","structural_support","bottom_centered",True,True,False,"place on ground",5,5,5,1,"Lit",False,0,False,0,False,False,0,"",1.7015,2.6250,2.7143,""
"SM_Scaffolding23","Prefab","Assets/ConstructionSite/Prefab/Building/Scaffolding/SM_Scaffolding23.prefab","scaffolding","scaffold","support_or_anchor","structural_support","bottom_centered",True,True,False,"place on ground",4,4,4,1,"M_Scaffolding",True,1,False,0,False,False,0,"",1.7006,4.1112,4.1875,""
"SM_Scaffolding23","Model","Assets/ConstructionSite/Meshes/Building/Scaffolding/SM_Scaffolding23.FBX","scaffolding","scaffold","support_or_anchor","structural_support","bottom_centered",True,True,False,"place on ground",5,5,5,1,"Lit",False,0,False,0,False,False,0,"",1.7040,4.1381,4.2087,""
"SM_Scaffolding24","Prefab","Assets/ConstructionSite/Prefab/Building/Scaffolding/SM_Scaffolding24.prefab","scaffolding","scaffold","support_or_anchor","structural_support","offset",True,True,False,"place on ground | pivot may need placement offset correction",4,4,4,1,"M_Scaffolding",True,1,False,0,False,False,0,"",1.6627,2.0291,2.3850,""
"SM_Scaffolding24","Model","Assets/ConstructionSite/Meshes/Building/Scaffolding/SM_Scaffolding24.FBX","scaffolding","scaffold","support_or_anchor","structural_support","offset",True,True,False,"place on ground | pivot may need placement offset correction",5,5,5,1,"Lit",False,0,False,0,False,False,0,"",1.6627,2.0291,2.3935,""
"SM_Scaffolding25","Prefab","Assets/ConstructionSite/Prefab/Building/Scaffolding/SM_Scaffolding25.prefab","scaffolding","scaffold","support_or_anchor","structural_support","offset",True,True,False,"place on ground | pivot may need placement offset correction",4,4,4,1,"M_Scaffolding",True,1,False,0,False,False,0,"",1.6627,2.0214,4.3851,""
"SM_Scaffolding25","Model","Assets/ConstructionSite/Meshes/Building/Scaffolding/SM_Scaffolding25.FBX","scaffolding","scaffold","support_or_anchor","structural_support","offset",True,True,False,"place on ground | pivot may need placement offset correction",5,5,5,1,"Lit",False,0,False,0,False,False,0,"",1.6630,2.0237,4.4091,""
"SM_Scaffolding26","Prefab","Assets/ConstructionSite/Prefab/Building/Scaffolding/SM_Scaffolding26.prefab","scaffolding","scaffold","support_or_anchor","structural_support","offset",True,True,False,"place on ground | pivot may need placement offset correction",4,4,4,1,"M_Scaffolding",True,1,False,0,False,False,0,"",0.1353,1.7795,1.9380,""
"SM_Scaffolding26","Model","Assets/ConstructionSite/Meshes/Building/Scaffolding/SM_Scaffolding26.FBX","scaffolding","scaffold","support_or_anchor","structural_support","offset",True,True,False,"place on ground | pivot may need placement offset correction",5,5,5,1,"Lit",False,0,False,0,False,False,0,"",0.1360,1.7795,1.9380,""
"SM_Scaffolding27","Prefab","Assets/ConstructionSite/Prefab/Building/Scaffolding/SM_Scaffolding27.prefab","scaffolding","scaffold","support_or_anchor","structural_support","offset",True,True,False,"place on ground | pivot may need placement offset correction",4,4,4,1,"M_Scaffolding",True,1,False,0,False,False,0,"",0.1422,1.7755,3.9349,""
"SM_Scaffolding27","Model","Assets/ConstructionSite/Meshes/Building/Scaffolding/SM_Scaffolding27.FBX","scaffolding","scaffold","support_or_anchor","structural_support","offset",True,True,False,"place on ground | pivot may need placement offset correction",5,5,5,1,"Lit",False,0,False,0,False,False,0,"",0.1422,1.7766,3.9349,""
"SM_ConcreteBag01","Prefab","Assets/ConstructionSite/Prefab/Storage/SM_ConcreteBag01.prefab","storage","material","dependent","place_on_ground_or_support","bottom_centered",True,True,False,"place on ground | can be placed near anchor objects",4,4,4,1,"M_ConcreteBag1",True,1,False,0,False,False,0,"",0.6413,0.2249,0.4188,""
"SM_ConcreteBag01","Model","Assets/ConstructionSite/Meshes/Storage/SM_ConcreteBag01.FBX","storage","material","dependent","place_on_ground_or_support","bottom_centered",True,True,False,"place on ground | can be placed near anchor objects",5,5,5,1,"Lit",False,0,False,0,False,False,0,"",0.6413,0.2249,0.4188,""
"SM_ConcreteBag02","Prefab","Assets/ConstructionSite/Prefab/Storage/SM_ConcreteBag02.prefab","storage","material","dependent","place_on_ground_or_support","bottom_centered",True,True,False,"place on ground | can be placed near anchor objects",4,4,4,1,"M_ConcreteBag1",True,1,False,0,False,False,0,"",1.3779,1.2380,1.1463,""
"SM_ConcreteBag02","Model","Assets/ConstructionSite/Meshes/Storage/SM_ConcreteBag02.FBX","storage","material","dependent","place_on_ground_or_support","bottom_centered",True,True,False,"place on ground | can be placed near anchor objects",5,5,5,1,"Lit",False,0,False,0,False,False,0,"",1.3779,1.2380,1.1463,""
"SM_ConcreteBrick04","Prefab","Assets/ConstructionSite/Prefab/Storage/SM_ConcreteBrick04.prefab","storage","material","dependent","place_on_ground_or_support","bottom_centered",True,True,False,"place on ground | can be placed near anchor objects",3,3,3,1,"M_ConcreteBrick",True,1,False,0,False,False,0,"",1.2885,1.3385,1.3181,""
"SM_ConcreteBrick04","Model","Assets/ConstructionSite/Meshes/Storage/SM_ConcreteBrick04.FBX","storage","material","dependent","place_on_ground_or_support","bottom_centered",True,True,False,"place on ground | can be placed near anchor objects",4,4,4,1,"Lit",False,0,False,0,False,False,0,"",1.2885,1.3425,1.3181,""
"SM_ConcreteBrick05","Prefab","Assets/ConstructionSite/Prefab/Storage/SM_ConcreteBrick05.prefab","storage","material","dependent","place_on_ground_or_support","bottom_centered",True,True,False,"place on ground | can be placed near anchor objects",3,3,3,1,"M_ConcreteBrick",True,1,False,0,False,False,0,"",0.2328,0.2846,0.4872,""
"SM_ConcreteBrick05","Model","Assets/ConstructionSite/Meshes/Storage/SM_ConcreteBrick05.FBX","storage","material","dependent","place_on_ground_or_support","bottom_centered",True,True,False,"place on ground | can be placed near anchor objects",4,4,4,1,"Lit",False,0,False,0,False,False,0,"",0.2328,0.2846,0.4872,""
"SM_Pallet01","Prefab","Assets/ConstructionSite/Prefab/Storage/SM_Pallet01.prefab","storage","pallet","support_or_anchor","surface_support","bottom_centered",True,True,False,"place on ground | can act as support surface",4,4,4,1,"M_Pallet01",True,1,False,0,False,False,0,"",1.2574,0.1686,1.1430,""
"SM_Pallet01","Model","Assets/ConstructionSite/Meshes/Storage/SM_Pallet01.FBX","storage","pallet","support_or_anchor","surface_support","bottom_centered",True,True,False,"place on ground | can act as support surface",5,5,5,1,"Lit",False,0,False,0,False,False,0,"",1.2574,0.1712,1.1430,""
"SM_TowerCrane01","Prefab","Assets/ConstructionSite/Prefab/TowerCrane/SM_TowerCrane01.prefab","towercrane","crane","major_anchor","heavy_grounded","bottom_centered",True,True,False,"place on ground | large footprint asset",4,4,4,4,"M_MetallPainted1 | M_Net | M_TowerCrane1 | M_TowerCraneConcrete",True,1,False,0,False,False,0,"",5.3227,5.0719,4.8160,""
"SM_TowerCrane01","Model","Assets/ConstructionSite/Meshes/TowerCrane/SM_TowerCrane01.FBX","towercrane","crane","major_anchor","heavy_grounded","bottom_centered",True,True,False,"place on ground | large footprint asset",5,5,5,1,"Lit",False,0,False,0,False,False,0,"",5.3280,5.0902,4.8215,""
"SM_TowerCrane02","Prefab","Assets/ConstructionSite/Prefab/TowerCrane/SM_TowerCrane02.prefab","towercrane","crane","major_anchor","heavy_grounded","bottom_centered",True,True,False,"place on ground | large footprint asset",4,4,4,2,"M_MetallPainted1 | M_TowerCrane1",True,1,False,0,False,False,0,"",2.9206,5.0596,2.8851,""
"SM_TowerCrane02","Model","Assets/ConstructionSite/Meshes/TowerCrane/SM_TowerCrane02.FBX","towercrane","crane","major_anchor","heavy_grounded","bottom_centered",True,True,False,"place on ground | large footprint asset",5,5,5,1,"Lit",False,0,False,0,False,False,0,"",2.9206,5.0596,2.8879,""
"SM_TowerCrane03","Prefab","Assets/ConstructionSite/Prefab/TowerCrane/SM_TowerCrane03.prefab","towercrane","crane","major_anchor","heavy_grounded","bottom_centered",True,True,False,"place on ground | large footprint asset",4,4,4,2,"M_MetallPainted3 | M_TowerCrane1",True,1,False,0,False,False,0,"",0.7792,5.7330,1.6010,""
"SM_TowerCrane03","Model","Assets/ConstructionSite/Meshes/TowerCrane/SM_TowerCrane03.FBX","towercrane","crane","major_anchor","heavy_grounded","bottom_centered",True,True,False,"place on ground | large footprint asset",5,5,5,1,"Lit",False,0,False,0,False,False,0,"",0.7792,5.7406,1.6179,""
"SM_TowerCrane04","Prefab","Assets/ConstructionSite/Prefab/TowerCrane/SM_TowerCrane04.prefab","towercrane","crane","major_anchor","heavy_grounded","bottom_centered",True,True,False,"place on ground | large footprint asset",4,4,4,3,"M_MetallPainted3 | M_MetallPaintedGrid | M_TowerCrane1",True,1,False,0,False,False,0,"",1.5913,5.7549,2.2688,""
"SM_TowerCrane04","Model","Assets/ConstructionSite/Meshes/TowerCrane/SM_TowerCrane04.FBX","towercrane","crane","major_anchor","heavy_grounded","bottom_centered",True,True,False,"place on ground | large footprint asset",5,5,5,1,"Lit",False,0,False,0,False,False,0,"",1.6056,5.7611,2.2777,""
"SM_TowerCrane05","Prefab","Assets/ConstructionSite/Prefab/TowerCrane/SM_TowerCrane05.prefab","towercrane","crane","major_anchor","heavy_grounded","bottom_centered",True,True,False,"place on ground | large footprint asset",4,4,4,4,"M_MetallPainted1 | M_MetallPainted3 | M_MetallPaintedGrid | M_TowerCrane1",True,1,False,0,False,False,0,"",5.7470,11.1852,8.9438,""
"SM_TowerCrane05","Model","Assets/ConstructionSite/Meshes/TowerCrane/SM_TowerCrane05.FBX","towercrane","crane","major_anchor","heavy_grounded","bottom_centered",True,True,False,"place on ground | large footprint asset",5,5,5,1,"Lit",False,0,False,0,False,False,0,"",5.7532,11.1913,8.9660,""
"SM_TowerCrane06","Prefab","Assets/ConstructionSite/Prefab/TowerCrane/SM_TowerCrane06.prefab","towercrane","crane","major_anchor","heavy_grounded","bottom_centered",True,True,False,"place on ground | large footprint asset",4,4,4,6,"M_Glass | M_MetallPainted1 | M_MetallPainted3 | M_MetallPaintedGrid | M_TowerCrane1 | M_TowerCraneConcrete",True,1,False,0,False,False,0,"",5.7855,18.3304,36.8315,""
"SM_TowerCrane06","Model","Assets/ConstructionSite/Meshes/TowerCrane/SM_TowerCrane06.FBX","towercrane","crane","major_anchor","heavy_grounded","bottom_centered",True,True,False,"place on ground | large footprint asset",5,5,5,1,"Lit",False,0,False,0,False,False,0,"",5.8371,18.3728,36.8738,""
"SM_TowerCrane07","Prefab","Assets/ConstructionSite/Prefab/TowerCrane/SM_TowerCrane07.prefab","towercrane","crane","major_anchor","heavy_grounded","bottom_centered",True,True,False,"place on ground | large footprint asset",4,4,4,3,"M_MetallPainted1 | M_MetallPaintedGrid | M_TowerCrane1",True,1,False,0,False,False,0,"",2.0074,3.0056,12.8460,""
"SM_TowerCrane07","Model","Assets/ConstructionSite/Meshes/TowerCrane/SM_TowerCrane07.FBX","towercrane","crane","major_anchor","heavy_grounded","bottom_centered",True,True,False,"place on ground | large footprint asset",5,5,5,1,"Lit",False,0,False,0,False,False,0,"",2.0573,3.0284,12.8685,""
"SM_TowerCrane08","Prefab","Assets/ConstructionSite/Prefab/TowerCrane/SM_TowerCrane08.prefab","towercrane","crane","major_anchor","heavy_grounded","bottom_centered",True,True,False,"place on ground | large footprint asset",4,4,4,3,"M_MetallPainted1 | M_MetallPaintedGrid | M_TowerCrane1",True,1,False,0,False,False,0,"",2.0142,3.0057,6.6087,""
"SM_TowerCrane08","Model","Assets/ConstructionSite/Meshes/TowerCrane/SM_TowerCrane08.FBX","towercrane","crane","major_anchor","heavy_grounded","bottom_centered",True,True,False,"place on ground | large footprint asset",5,5,5,1,"Lit",False,0,False,0,False,False,0,"",2.0352,3.0057,6.6142,""
"SM_TowerCrane09","Prefab","Assets/ConstructionSite/Prefab/TowerCrane/SM_TowerCrane09.prefab","towercrane","crane","major_anchor","heavy_grounded","bottom_centered",True,True,False,"place on ground | large footprint asset",4,4,4,4,"M_MetallPainted1 | M_MetallPainted3 | M_MetallPaintedGrid | M_TowerCrane1",True,1,False,0,False,False,0,"",2.0196,3.1848,7.9137,""
"SM_TowerCrane09","Model","Assets/ConstructionSite/Meshes/TowerCrane/SM_TowerCrane09.FBX","towercrane","crane","major_anchor","heavy_grounded","bottom_centered",True,True,False,"place on ground | large footprint asset",5,5,5,1,"Lit",False,0,False,0,False,False,0,"",2.0371,3.1848,7.9137,""
"SM_TowerCrane10","Prefab","Assets/ConstructionSite/Prefab/TowerCrane/SM_TowerCrane10.prefab","towercrane","crane","major_anchor","heavy_grounded","bottom_centered",True,True,False,"place on ground | large footprint asset",4,4,4,1,"M_TowerCrane1",True,1,False,0,False,False,0,"",0.4214,8.2106,19.2845,""
"SM_TowerCrane10","Model","Assets/ConstructionSite/Meshes/TowerCrane/SM_TowerCrane10.FBX","towercrane","crane","major_anchor","heavy_grounded","bottom_centered",True,True,False,"place on ground | large footprint asset",5,5,5,1,"Lit",False,0,False,0,False,False,0,"",0.4214,8.2106,19.2845,""
"SM_TowerCrane11","Prefab","Assets/ConstructionSite/Prefab/TowerCrane/SM_TowerCrane11.prefab","towercrane","crane","major_anchor","heavy_grounded","bottom_centered",True,True,False,"place on ground | large footprint asset",4,4,4,1,"M_TowerCrane1",True,1,False,0,False,False,0,"",0.4298,8.5724,50.4319,""
"SM_TowerCrane11","Model","Assets/ConstructionSite/Meshes/TowerCrane/SM_TowerCrane11.FBX","towercrane","crane","major_anchor","heavy_grounded","bottom_centered",True,True,False,"place on ground | large footprint asset",5,5,5,1,"Lit",False,0,False,0,False,False,0,"",0.4298,8.5750,50.4319,""
"SM_TowerCrane12","Prefab","Assets/ConstructionSite/Prefab/TowerCrane/SM_TowerCrane12.prefab","towercrane","crane","major_anchor","heavy_grounded","centered",True,True,False,"place on ground | large footprint asset | pivot may need placement offset correction",4,4,4,4,"M_MetallPainted1 | M_MetallPainted3 | M_MetallPaintedGrid | M_TowerCrane1",True,1,False,0,False,False,0,"",3.1596,11.4990,2.5610,""
"SM_TowerCrane12","Model","Assets/ConstructionSite/Meshes/TowerCrane/SM_TowerCrane12.FBX","towercrane","crane","major_anchor","heavy_grounded","centered",True,True,False,"place on ground | large footprint asset | pivot may need placement offset correction",5,5,5,1,"Lit",False,0,False,0,False,False,0,"",3.1785,11.5031,2.5743,""
"SM_TowerCrane13","Prefab","Assets/ConstructionSite/Prefab/TowerCrane/SM_TowerCrane13.prefab","towercrane","crane","major_anchor","heavy_grounded","bottom_centered",True,True,False,"place on ground | large footprint asset",4,4,4,3,"M_MetallPainted1 | M_Net | M_TowerCrane1",True,1,False,0,False,False,0,"",1.0936,2.2644,0.0841,""
"SM_TowerCrane13","Model","Assets/ConstructionSite/Meshes/TowerCrane/SM_TowerCrane13.FBX","towercrane","crane","major_anchor","heavy_grounded","bottom_centered",True,True,False,"place on ground | large footprint asset",5,5,5,1,"Lit",False,0,False,0,False,False,0,"",1.0936,2.2644,0.0895,""
